Season,Site,Month,Day,Year,Plot,Slope,RI,LSAT_Depth,LSAT_Abundance,CCA_Abundance,Turf_Fil_Abundance,Ceramium_Abundance,Turf_Blade_Abundance,Dictyota_Abundance,Galaxaura_Abundance,Peyssonnelia_Abundance,Laurencia_Abundance,Amphiroa_Abundance,Gorgons-Encrusting_Abundance,Gorgons- Branch_Abundance,Gorgons-Seafan_Abundance,Palythoa_Abundance,Encrusting-Sponges_Abundance,Vase/Barrel-Sponge_Abundance,Branching-Sponge_Abundance,Tube-Sponge_Abundance,Ball Shape-Sponge_Abundance,Rope-Sponge_Abundance,Halimeda_Abundance,Jania_Abundance,Fire-coral_Abundance,Stypopodium_Abundance,Coeleothrix_Abundance,Cyanobacteria_Abundance,neomeris_Abundance,Rock-Sand_Abundance,Unknown_Abundance,others,Total_Cover_NO_Coral,Porites_Abundance,Siderastrea_Abundance,Manicia_Abundance,Montastrea_Abundance,Agaricia_Abundance,Diploria_Abundance,Favia_Abundance,Dichocoenia_Abundance,Coral_Cover,Total_Juvenile_Coral,Siderastrea_Juv,Porites_Juv,Montastrea_Juv,Diploria_Juv,Agaricia_Juv,Favia_Juv,Juvenile_Coral_Presence
Summer,Fort Lauderdale,May,10,2023,1,5,1.67,1,40,1,0,0,0,20,0,0,0,10,0,0,0,0,20,0,0,0,0,0,0,0,0,0,0,0,0,0,0,0,91,0,0,0,0,0,0,0,0,0,0,0,0,0,0,0,0,0
Summer,Fort Lauderdale,May,10,2023,2,15,1.32,1,25,5,0,0,0,20,35,0,0,20,0,6,0,0,20,0,0,1,0,0,5,2,0,0,0,0,0,0,3,0,142,0,0,0,0,0,0,0,5,5,0,0,0,0,0,0,0,0
Summer,Fort Lauderdale,May,10,2023,3,4,1.19,1,5,2,1,0,0,40,10,0,3,10,0,25,0,0,25,0,0,0,0,0,5,2,0,0,0,0,0,0,0,0,128,0,0,0,0,0,0,0,0,0,0,0,0,0,0,0,0,0
Summer,Fort Lauderdale,May,10,2023,4,4,1.19,2,45,1,0,0,0,40,20,0,5,15,0,5,0,0,15,0,0,0,0,0,3,3,0,0,0,0,0,0,0,0,152,0,0,0,0,0,0,0,0,0,0,0,0,0,0,0,0,0
Summer,Fort Lauderdale,May,10,2023,5,3,1.22,1,40,0,0,0,0,40,5,0,0,10,0,0,3,0,10,0,0,0,0,0,0,2,0,0,0,0,0,0,0,0,110,0,0,0,0,0,0,0,0,0,0,0,0,0,0,0,0,0
Summer,Fort Lauderdale,May,10,2023,6,2,1.25,2,25,0,0,0,0,30,5,0,3,10,0,0,0,45,0,0,0,6,0,0,3,2,0,0,0,0,0,0,0,0,129,0,0,0,0,0,0,0,0,0,0,0,0,0,0,0,0,0
Summer,Fort Lauderdale,May,10,2023,7,5,1.22,2,50,0,0,0,0,35,6,0,0,7,0,3,0,0,3,0,0,0,0,0,0,5,0,0,0,0,0,0,0,0,109,0,0,0,0,0,0,0,0,0,0,0,0,0,0,0,0,0
Summer,Fort Lauderdale,May,10,2023,8,5,1.16,1,35,3,0,0,0,25,15,10,3,10,0,5,0,0,1,0,0,0,0,0,0,3,0,0,0,0,0,0,0,0,110,0,0,0,0,0,0,0,0,0,0,0,0,0,0,0,0,0
Summer,Fort Lauderdale,May,10,2023,9,8,1.19,1,50,0,0,0,0,45,0,0,2,2,0,0,0,0,0,0,0,0,0,0,0,1,0,0,0,0,0,3,0,0,103,0,0,0,0,0,0,0,0,0,0,0,0,0,0,0,0,0
Summer,Fort Lauderdale,May,10,2023,10,15,1.43,3,40,0,0,0,0,35,15,0,0,10,0,0,0,0,10,0,0,3,3,0,0,0,0,0,0,0,0,0,0,0,116,0,0,0,0,0,0,0,0,0,0,0,0,0,0,0,0,0
Summer,Fort Lauderdale,May,10,2023,11,5,1.47,2,25,0,0,0,0,40,0,0,0,10,0,0,0,3,7,0,0,0,0,0,0,0,0,0,0,0,0,0,0,0,85,0,0,0,0,0,0,0,0,0,0,0,0,0,0,0,0,0
Summer,Fort Lauderdale,May,10,2023,12,1,1.25,1,10,0,0,0,0,20,0,0,5,10,0,0,0,60,0,0,0,0,0,0,0,0,0,0,0,0,0,0,0,0,105,0,0,0,0,0,0,0,0,0,0,0,0,0,0,0,0,0
Summer,Fort Lauderdale,May,10,2023,13,12,1.16,2,50,0,0,0,0,20,0,0,0,12,0,0,0,7,0,0,0,0,0,0,0,0,0,0,0,0,0,0,0,0,89,7,8,0,0,0,0,0,0,15,1,1,0,0,0,0,0,1
Summer,Fort Lauderdale,May,10,2023,14,8,1.14,1,50,0,0,0,0,45,5,0,5,5,0,5,3,15,0,0,0,0,10,0,0,0,0,0,0,0,0,0,0,0,143,0,0,0,0,0,0,0,0,0,0,0,0,0,0,0,0,0
Summer,Fort Lauderdale,May,10,2023,15,1,1.22,1,45,0,0,0,0,40,15,0,0,10,0,5,0,55,5,0,0,0,0,0,3,0,0,0,0,0,0,0,0,0,178,0,5,0,0,0,0,0,0,5,1,0,1,0,0,0,0,1
Summer,Fort Lauderdale,May,10,2023,16,6,1.22,1,25,0,0,0,0,35,15,0,0,0,0,5,4,45,0,0,0,0,0,0,0,5,0,0,0,0,0,2,0,0,136,5,0,0,0,0,0,0,0,5,0,0,0,0,0,0,0,0
Summer,Fort Lauderdale,May,10,2023,17,24,1.52,1,45,0,0,0,0,20,18,0,0,0,0,7,0,0,6,0,0,0,0,0,0,0,0,0,0,0,0,0,0,0,96,0,0,0,0,0,0,0,0,0,0,0,0,0,0,0,0,0
Summer,Fort Lauderdale,May,10,2023,18,7,1.14,2,45,0,0,0,0,30,0,5,0,18,0,0,0,30,0,0,0,0,0,0,0,0,0,0,0,0,0,0,0,0,128,0,0,0,0,0,0,0,0,0,0,0,0,0,0,0,0,0
Summer,Fort Lauderdale,May,10,2023,19,1,1.22,2,35,0,0,0,0,20,7,0,0,0,0,0,0,5,1,0,0,0,0,0,0,0,0,0,0,0,0,0,0,0,68,0,0,0,0,0,0,0,0,0,0,0,0,0,0,0,0,0
Summer,Fort Lauderdale,May,10,2023,20,6,1.19,1,40,0,0,0,0,25,10,0,0,0,0,0,0,25,3,0,0,0,0,0,0,0,0,0,0,0,0,0,0,0,103,0,0,0,0,0,0,0,0,0,0,0,0,0,0,0,0,0
Summer,Fort Lauderdale,May,10,2023,21,8,1.11,3,35,0,0,0,0,40,3,0,0,7,0,0,5,0,0,0,0,1,0,0,0,0,0,0,0,0,0,0,0,0,91,0,0,0,0,0,0,0,0,0,0,0,0,0,0,0,0,0
Summer,Fort Lauderdale,May,10,2023,22,4,1.19,2,55,0,0,0,0,25,0,0,0,10,0,7,0,2,1,0,0,0,0,5,0,3,0,0,0,0,0,0,0,0,108,0,0,0,0,0,0,0,0,0,0,0,0,0,0,0,0,0
Summer,Fort Lauderdale,May,10,2023,23,2,1.11,2,40,0,0,0,0,35,0,0,0,10,0,5,0,0,5,0,0,0,0,4,3,0,0,0,0,0,0,0,0,0,102,0,0,0,0,0,0,0,0,0,0,0,0,0,0,0,0,0
Summer,Fort Lauderdale,May,10,2023,24,16,2,1,30,2,0,0,0,25,0,0,0,10,0,5,0,2,5,0,0,0,0,13,0,3,0,0,0,0,0,15,5,0,115,0,4,0,0,0,0,0,0,4,1,1,0,0,0,0,0,1
Summer,Fort Lauderdale,May,10,2023,25,27,1.11,1,35,0,0,0,0,20,20,0,0,10,0,0,0,5,7,0,0,0,0,0,0,3,0,0,0,0,0,10,0,0,110,0,3,0,0,0,0,0,0,3,1,1,0,0,0,0,0,1
Summer,Dania Beach,May,9,2023,1,5,1.43,2,55,5,0,0,0,12,0,2,7,0,0,0,0,0,4,0,0,0,0,0,0,0,0,2,0,0,0,25,0,0,112,5,6,0,0,0,0,0,0,11,1,1,0,0,0,0,0,1
Summer,Dania Beach,May,9,2023,2,7,1.39,2,25,0,0,0,0,14,0,0,0,0,0,6,0,20,8,0,0,0,0,0,3,2,0,3,2,0,0,20,0,0,103,0,0,0,0,0,0,0,0,0,0,0,0,0,0,0,0,0
Summer,Dania Beach,May,9,2023,3,2,1.25,3,85,0,0,0,0,2,0,0,4,0,0,0,0,0,3,0,0,2,0,0,0,0,0,0,0,0,0,5,0,0,101,15,0,0,0,0,0,0,0,15,0,0,0,0,0,0,0,0
Summer,Dania Beach,May,9,2023,4,6,1.39,1,65,0,0,0,0,15,0,0,0,0,0,0,0,0,6,0,0,0,0,0,0,0,0,0,0,0,0,15,0,0,101,0,0,0,0,0,0,0,0,0,0,0,0,0,0,0,0,0
Summer,Dania Beach,May,9,2023,5,1,1.11,3,30,5,0,0,0,12,0,0,12,3,0,0,0,0,3,0,20,0,0,0,0,0,0,0,0,0,0,20,0,0,105,0,0,0,0,0,0,0,0,0,0,0,0,0,0,0,0,0
Summer,Dania Beach,May,9,2023,6,5,1.22,2,50,10,0,0,0,5,0,0,13,0,0,0,0,0,3,0,0,2,0,0,0,0,0,2,0,0,0,15,0,0,100,0,0,0,0,0,0,0,0,0,0,0,0,0,0,0,0,0
Summer,Dania Beach,May,9,2023,7,1,1.16,2,90,0,0,0,0,5,0,0,5,0,0,0,0,0,3,1,0,0,0,0,0,0,0,0,0,0,0,25,0,0,129,0,0,0,0,0,0,0,0,0,1,1,0,0,0,0,0,1
Summer,Dania Beach,May,9,2023,8,9,1.47,3,50,7,0,0,0,15,0,0,6,0,0,0,0,0,5,0,0,0,0,0,0,0,0,1,2,0,0,25,0,0,111,0,0,0,0,0,0,0,0,0,0,0,0,0,0,0,0,0
Summer,Dania Beach,May,9,2023,9,7,1.25,1,90,2,0,0,0,2,0,0,0,0,0,0,0,0,2,0,0,0,0,0,0,0,0,0,0,0,0,10,0,0,106,0,1,0,0,0,0,0,0,1,0,0,0,0,0,0,0,0
Summer,Dania Beach,May,9,2023,10,2,1.85,2,45,4,0,0,0,12,0,5,0,0,0,5,0,0,7,0,0,0,0,0,0,0,0,0,0,0,0,35,0,0,113,0,8,0,0,0,0,0,0,8,0,0,0,0,0,0,0,0
Summer,Dania Beach,May,9,2023,11,3,1.28,3,2,5,0,0,0,0,0,0,5,0,0,0,0,85,5,0,0,0,0,0,0,0,0,0,0,0,0,0,0,0,102,0,0,0,0,0,0,0,0,0,0,0,0,0,0,0,0,0
Summer,Dania Beach,May,9,2023,12,1,1.16,2,50,5,0,0,0,15,0,0,7,0,0,0,0,17,3,0,8,0,0,0,0,0,0,0,0,0,0,10,0,0,115,3,0,0,0,0,0,0,0,3,0,0,0,0,0,0,0,0
Summer,Dania Beach,May,9,2023,13,18,1.22,2,75,0,0,0,0,3,0,0,5,0,0,0,0,0,0,0,0,0,0,0,0,0,0,0,0,0,0,15,4,0,102,0,0,0,0,0,0,0,0,0,0,0,0,0,0,0,0,0
Summer,Dania Beach,May,9,2023,14,2,1.14,2,60,0,0,0,0,5,0,5,5,0,0,0,0,0,15,25,0,0,0,0,0,0,0,0,0,0,0,5,0,0,120,7,0,0,0,0,0,0,0,7,0,0,0,0,0,0,0,0
Summer,Dania Beach,May,9,2023,15,10,1.14,1,50,1,0,0,0,15,0,1,10,0,3,2,0,0,0,1,0,0,0,0,0,0,0,0,0,0,0,15,3,0,101,0,5,0,0,0,0,0,0,5,1,0,1,0,0,0,0,1
Summer,Dania Beach,May,9,2023,16,0,1.43,2,15,10,10,0,0,35,0,7,20,0,10,0,0,0,10,0,0,5,0,1,0,0,0,0,0,0,0,5,5,0,133,3,15,0,0,0,0,0,0,18,1,1,0,0,0,0,0,1
Summer,Dania Beach,May,9,2023,17,6,1.43,1,40,0,0,0,0,30,0,7,15,0,0,0,0,0,0,0,0,0,0,0,0,0,0,0,0,0,0,5,2,0,99,0,5,0,0,0,0,0,0,5,0,0,0,0,0,0,0,0
Summer,Dania Beach,May,9,2023,18,11,1.35,3,35,0,4,0,0,5,0,3,7,0,0,0,4,20,4,0,10,0,0,0,0,3,0,0,0,0,0,2,0,0,97,0,0,0,0,0,0,0,0,0,0,0,0,0,0,0,0,0
Summer,Dania Beach,May,9,2023,19,3,1.04,2,20,0,3,0,0,7,0,0,11,0,0,0,3,5,2,0,0,0,0,7,0,0,0,0,0,0,0,30,0,0,88,12,5,0,5,0,0,0,0,22,1,0,0,1,0,0,0,1
Summer,Dania Beach,May,9,2023,20,9,1.22,3,35,3,2,0,0,7,0,0,20,0,0,0,0,25,1,0,0,0,0,0,0,0,0,0,2,4,0,10,0,0,109,0,0,0,0,0,0,0,0,0,0,0,0,0,0,0,0,0
Summer,Dania Beach,May,9,2023,21,5,1.67,1,40,4,0,0,0,8,0,0,9,0,0,0,0,0,0,0,0,30,0,0,0,0,0,0,3,0,0,5,0,0,99,6,0,0,0,0,0,0,0,6,1,0,1,0,0,0,0,1
Summer,Dania Beach,May,9,2023,22,18,1.67,2,50,6,2,0,0,13,0,0,15,0,0,0,0,0,3,0,0,0,0,0,0,0,0,0,1,0,0,10,0,0,100,4,3,0,0,0,0,0,0,7,0,0,0,0,0,0,0,0
Summer,Dania Beach,May,9,2023,23,15,1.25,1,50,1,3,0,0,10,0,3,11,0,5,0,0,0,0,2,0,0,0,7,0,0,0,0,0,0,0,15,0,0,107,0,0,0,3,0,0,0,0,3,1,0,0,1,0,0,0,1
Summer,Dania Beach,May,9,2023,24,20,1.22,1,20,5,2,0,0,4,0,4,6,0,0,0,0,40,3,0,0,0,0,0,0,8,0,0,0,0,0,2,0,0,94,0,0,0,0,0,2,0,0,2,1,0,0,0,1,0,0,1
Summer,Dania Beach,May,9,2023,25,7,1.43,1,30,8,3,0,0,7,0,4,3,1,0,0,0,23,6,0,0,0,0,0,7,3,0,0,0,0,0,5,0,0,100,0,0,0,0,0,0,0,0,0,0,0,0,0,0,0,0,0
Summer,South Canyon,May,3,2023,1,16,1.32,2,40,0,4,0,0,20,3,6,8,0,8,0,0,10,9,0,0,0,0,0,0,3,0,0,0,0,0,5,0,0,116,5,0,0,0,0,0,0,0,5,1,0,1,0,0,0,0,1
Summer,South Canyon,May,3,2023,2,18,1.22,2,30,6,8,0,0,25,0,5,3,1,3,0,0,0,4,7,0,0,0,0,0,3,0,0,0,0,0,15,0,0,110,5,0,0,0,0,0,0,0,5,0,0,0,0,0,0,0,0
Summer,South Canyon,May,3,2023,3,16,1.39,1,70,7,0,0,0,16,2,4,4,2,0,2,3,0,3,1,0,0,0,0,0,0,0,0,0,0,0,30,0,0,144,2,0,0,1,0,0,0,0,3,1,0,0,1,0,0,0,1
Summer,South Canyon,May,3,2023,4,19,1.52,1,4,2,0,0,0,5,0,2,0,0,0,0,0,0,2,0,0,0,0,0,0,0,0,0,0,0,0,95,0,0,110,0,0,0,0,0,0,0,0,0,0,0,0,0,0,0,0,0
Summer,South Canyon,May,3,2023,5,2,1.14,3,50,7,0,0,0,20,3,8,0,2,0,0,0,0,3,0,0,0,0,0,0,2,0,0,0,1,0,15,0,0,111,0,0,0,0,0,0,0,0,0,0,0,0,0,0,0,0,0
Summer,South Canyon,May,3,2023,6,7,1.22,2,70,5,0,0,0,15,3,3,4,0,0,0,0,0,3,0,0,0,0,0,0,1,0,0,2,0,0,5,0,0,111,0,0,0,0,0,0,0,0,0,0,0,0,0,0,0,0,0
Summer,South Canyon,May,3,2023,7,5,1.19,2,40,10,3,0,0,12,3,2,3,0,0,8,5,0,6,0,0,0,0,0,0,0,0,0,0,0,0,25,0,0,117,10,0,0,0,0,0,0,0,10,0,0,0,0,0,0,0,0
Summer,South Canyon,May,3,2023,8,4,1.61,1,25,6,2,0,0,30,3,4,3,0,0,0,0,0,2,0,0,12,0,0,0,0,0,0,0,0,0,20,0,0,107,0,2,0,0,0,0,0,0,2,1,1,0,0,0,0,0,1
Summer,South Canyon,May,3,2023,9,7,1.19,2,35,7,7,0,0,25,1,0,3,0,0,5,0,0,5,2,0,0,0,0,4,3,0,0,0,0,0,20,0,0,117,0,0,0,0,0,0,0,0,0,0,0,0,0,0,0,0,0
Summer,South Canyon,May,3,2023,10,16,1.61,1,55,7,3,0,0,8,8,7,4,0,0,0,0,0,5,0,0,0,0,5,0,0,3,0,0,0,0,10,0,0,115,0,0,0,0,0,0,0,0,0,0,0,0,0,0,0,0,0
Summer,South Canyon,May,3,2023,11,22,1.25,1,30,6,4,0,0,30,6,4,3,0,10,0,0,0,4,0,0,3,0,0,5,0,0,0,0,0,0,5,0,0,110,0,0,0,0,0,0,0,0,0,0,0,0,0,0,0,0,0
Summer,South Canyon,May,3,2023,12,13,1.09,2,25,5,6,0,0,17,2,6,0,6,0,3,3,0,5,0,0,0,0,0,0,3,0,0,0,0,0,30,0,0,111,0,0,0,0,0,0,0,0,0,0,0,0,0,0,0,0,0
Summer,South Canyon,May,3,2023,13,4,1.35,1,45,10,5,0,0,20,0,8,0,5,0,0,4,0,2,0,0,0,0,0,0,0,0,0,0,0,0,5,0,0,104,0,0,0,0,0,0,0,0,0,0,0,0,0,0,0,0,0
Summer,South Canyon,May,3,2023,14,20,1.67,0,55,9,4,0,0,13,2,3,6,0,0,3,0,0,4,4,3,0,0,0,0,0,0,0,0,0,0,10,0,0,116,0,0,0,0,0,0,0,0,0,0,0,0,0,0,0,0,0
Summer,South Canyon,May,3,2023,15,2,1.92,2,40,12,6,0,0,7,4,6,4,5,0,4,0,0,2,0,3,2,0,0,0,0,0,0,0,4,0,5,0,0,104,0,5,0,0,0,0,0,0,5,3,3,0,0,0,0,0,1
Summer,South Canyon,May,11,2023,16,5,2,1,20,5,6,0,0,12,0,7,4,0,0,0,0,0,10,0,0,0,0,0,0,3,0,0,0,0,0,30,0,0,97,15,0,0,0,0,0,0,0,15,1,0,1,0,0,0,0,1
Summer,South Canyon,May,11,2023,17,20,1.25,3,30,0,10,0,0,15,0,3,4,0,0,0,0,0,2,0,0,0,0,0,0,5,0,0,0,3,0,15,0,0,87,0,0,0,0,0,0,0,0,0,0,0,0,0,0,0,0,0
Summer,South Canyon,May,11,2023,18,40,1.67,3,25,5,4,0,0,5,0,4,0,0,0,0,10,5,4,0,0,5,0,0,2,2,0,0,0,0,0,15,0,0,86,0,0,0,0,0,0,0,0,0,0,0,0,0,0,0,0,0
Summer,South Canyon,May,11,2023,19,10,1.47,1,20,4,5,0,0,4,0,8,0,3,0,0,0,3,7,0,0,0,0,0,0,0,0,0,0,0,0,5,0,0,59,0,0,0,0,0,0,0,0,0,0,0,0,0,0,0,0,0
Summer,South Canyon,May,11,2023,20,0,1.52,0,30,8,0,0,0,0,0,5,0,0,0,0,0,50,7,0,0,0,0,0,0,0,0,0,0,0,0,8,0,0,108,0,15,0,0,0,0,0,0,15,0,0,0,0,0,0,0,0
Summer,South Canyon,May,11,2023,21,15,1.25,1,30,8,7,0,0,6,0,5,8,0,0,4,0,0,6,0,0,0,0,0,0,4,0,0,0,0,0,20,0,0,98,0,0,0,0,0,0,0,0,0,0,0,0,0,0,0,0,0
Summer,South Canyon,May,11,2023,22,0,1.28,0.5,40,8,12,0,0,12,0,4,3,0,0,3,0,3,4,0,0,0,0,0,0,7,0,0,0,0,0,15,0,0,111,5,0,0,0,0,0,0,0,5,0,0,0,0,0,0,0,0
Summer,South Canyon,May,11,2023,23,20,1.19,1,5,5,10,0,0,10,0,5,8,0,0,3,4,45,6,0,7,4,0,0,0,3,0,0,0,0,0,10,0,0,125,0,3,0,0,0,0,0,0,3,1,1,0,0,0,0,0,1
Summer,South Canyon,May,11,2023,24,6,1.43,0.5,1,5,6,0,0,12,0,7,2,0,0,0,0,7,4,0,0,0,0,0,0,4,0,0,0,0,0,100,0,0,148,0,4,0,0,0,0,0,0,4,2,2,0,0,0,0,0,1
Summer,South Canyon,May,11,2023,25,10,1.28,2,40,10,7,0,7,15,0,4,4,0,10,0,0,6,3,0,0,0,0,0,0,7,3,0,0,0,0,70,0,0,186,3,0,0,0,0,0,0,0,3,1,1,0,0,0,0,0,1
Summer,Emerald,May,16,2023,1,10,1.52,2,60,10,0,0,0,25,0,0,5,0,0,0,0,0,0,0,0,0,0,0,0,0,0,0,0,0,0,5,0,0,105,0,0,0,0,0,0,0,0,0,0,0,0,0,0,0,0,0
Summer,Emerald,May,16,2023,2,2,1.25,1,40,15,0,0,0,25,0,0,0,0,0,0,0,0,0,0,0,0,0,0,0,0,0,0,0,0,0,20,0,0,100,5,0,0,0,0,0,0,0,5,1,0,1,0,0,0,0,1
Summer,Emerald,May,16,2023,3,11,1.35,2,70,5,0,0,0,25,0,0,5,5,0,0,0,5,3,0,0,0,0,0,0,0,0,0,0,0,0,15,0,0,133,0,0,0,0,0,0,0,0,0,0,0,0,0,0,0,0,0
Summer,Emerald,May,16,2023,4,6,1.25,3,50,1,0,0,0,25,0,0,0,0,0,0,0,0,0,0,0,0,0,0,0,0,0,0,0,0,0,35,0,0,111,0,0,0,0,0,0,0,0,0,0,0,0,0,0,0,0,0
Summer,Emerald,May,16,2023,5,20,1.25,3,40,0,0,0,0,20,0,0,2,0,1,0,0,2,0,0,0,0,5,0,0,0,0,0,1,0,0,15,0,0,86,0,15,0,0,0,0,0,0,15,0,0,0,0,0,0,0,0
Summer,Emerald,May,16,2023,6,2,1.16,2,0,0,0,0,0,0,0,0,0,0,0,0,0,0,0,0,0,0,0,2,0,0,0,0,0,0,0,90,0,0,92,0,7,0,0,0,0,0,0,7,1,1,0,0,0,0,0,1
Summer,Emerald,May,16,2023,7,26,1.19,2,15,2,0,0,0,20,0,0,1,0,0,3,0,0,20,0,0,0,15,20,0,0,3,0,2,0,0,0,0,0,101,5,0,0,0,0,0,0,0,5,0,0,0,0,0,0,0,0
Summer,Emerald,May,16,2023,8,5,1.35,2,1,5,0,0,0,15,0,10,30,0,0,3,0,0,5,0,0,0,0,0,0,0,0,0,0,0,0,10,20,0,99,0,0,0,0,0,0,0,0,0,0,0,0,0,0,0,0,0
Summer,Emerald,May,16,2023,9,24,1.72,1,30,0,0,0,0,0,0,0,0,0,0,0,0,0,0,0,0,0,0,0,0,0,0,0,0,0,0,90,0,0,120,0,0,0,0,0,0,0,0,0,0,0,0,0,0,0,0,0
Summer,Emerald,May,16,2023,10,35,1.67,1,20,0,0,0,0,1,5,0,0,0,0,0,0,0,0,0,0,0,0,0,0,0,0,0,5,0,0,50,0,0,81,1,0,0,0,0,0,0,0,1,1,1,0,0,0,0,0,1
Summer,Emerald,May,16,2023,11,1,1.22,2,20,10,0,0,0,15,0,15,1,0,0,0,0,15,5,0,0,20,0,0,0,0,2,0,0,0,0,0,10,0,113,0,0,0,0,0,0,0,0,0,0,0,0,0,0,0,0,0
Summer,Emerald,May,16,2023,12,10,2.5,2,35,1,0,0,0,20,0,5,5,0,1,20,0,10,0,0,0,0,0,0,0,0,0,0,0,0,0,0,10,0,107,0,0,0,0,0,0,0,0,0,0,0,0,0,0,0,0,0
Summer,Emerald,May,16,2023,13,35,1.67,2,35,5,0,0,0,15,0,0,0,0,0,0,0,0,0,0,0,5,0,0,0,0,0,0,0,0,0,50,0,0,110,0,0,0,0,0,0,0,0,0,0,0,0,0,0,0,0,0
Summer,Emerald,May,16,2023,14,9,1.25,2,40,0,0,0,0,1,1,0,0,0,0,0,0,0,0,0,0,0,0,0,0,0,0,0,0,0,0,55,0,0,97,0,1,0,0,0,0,0,0,1,0,0,0,0,0,0,0,0
Summer,Emerald,May,16,2023,15,35,1.25,2,25,5,0,0,0,40,1,5,0,0,0,5,2,0,0,0,0,0,0,0,0,0,5,0,0,0,0,15,0,0,103,0,0,0,0,0,0,0,0,0,0,0,0,0,0,0,0,0
Summer,Emerald,May,16,2023,16,5,1.04,3,30,1,0,0,0,0,0,0,0,0,0,0,0,0,0,0,0,0,0,0,0,0,0,0,2,0,0,70,0,0,103,0,0,0,0,0,0,1,0,1,2,0,0,0,1,0,1,1
Summer,Emerald,May,16,2023,17,50,1.85,2,10,40,0,0,0,10,0,0,0,0,0,5,0,0,10,0,0,0,0,0,0,0,0,0,0,0,0,40,0,0,115,0,0,0,0,0,0,0,0,0,0,0,0,0,0,0,0,0
Summer,Emerald,May,16,2023,18,10,1.19,3,30,25,0,0,0,0,0,0,0,0,0,0,0,0,0,0,0,0,0,0,0,0,0,0,0,0,0,45,0,0,100,0,5,0,0,0,0,0,0,5,1,1,0,0,0,0,0,1
Summer,Emerald,May,16,2023,19,20,1.04,3,15,0,0,0,0,0,0,0,0,0,0,0,0,0,0,0,0,0,0,0,0,0,0,0,0,0,0,90,0,0,105,0,5,0,0,0,0,0,0,5,1,1,0,0,0,0,0,1
Summer,Emerald,May,16,2023,20,15,1.25,3,35,5,0,0,0,40,1,5,1,0,0,0,0,0,1,0,0,0,0,0,0,0,0,0,0,0,0,20,0,0,108,0,0,0,0,0,0,0,0,0,0,0,0,0,0,0,0,0
Summer,Emerald,May,16,2023,21,30,1.43,3,30,40,0,0,0,5,0,0,0,0,0,0,0,0,2,0,0,0,0,0,0,0,0,0,0,0,0,20,0,0,97,2,0,0,0,0,0,0,0,2,1,0,1,0,0,0,0,1
Summer,Emerald,May,16,2023,22,39,1.67,2,60,0,0,0,0,0,0,0,0,0,1,0,0,0,0,0,0,0,0,0,0,0,0,0,0,0,0,40,0,0,101,0,3,0,0,0,0,0,0,3,4,4,0,0,0,0,0,1
Summer,Emerald,May,16,2023,23,32,1.67,2,35,3,0,0,0,10,0,0,0,0,0,5,0,0,5,0,0,0,0,15,0,0,0,0,0,0,0,20,0,0,93,0,5,0,0,0,0,0,0,5,0,0,0,0,0,0,0,0
Summer,Emerald,May,16,2023,24,37,1.85,3,20,5,0,0,0,60,0,0,5,0,15,0,0,5,0,0,0,0,5,5,0,0,0,0,0,0,0,5,0,0,125,0,0,0,0,0,0,0,0,0,0,0,0,0,0,0,0,0
Summer,Emerald,May,16,2023,25,15,1.67,2,30,20,0,0,0,5,0,0,0,0,0,10,0,0,0,0,0,0,0,0,0,0,0,0,0,0,0,40,0,0,105,0,5,0,0,0,0,0,0,5,1,1,0,0,0,0,0,1
Summer,Carysfort,May,24,2023,1,22,1.43,3,75,3,5,0,0,15,3,0,0,0,0,0,0,0,0,0,0,0,0,0,0,0,0,0,0,0,0,5,0,0,106,0,0,0,0,0,0,0,0,0,0,0,0,0,0,0,0,0
Summer,Carysfort,May,24,2023,2,4,1.11,1,55,6,0,0,0,9,4,2,4,0,0,7,0,0,3,0,0,0,0,0,0,0,0,0,0,0,0,5,0,0,95,0,0,0,0,0,0,0,0,0,0,0,0,0,0,0,0,0
Summer,Carysfort,May,24,2023,3,7,1.35,2,60,3,0,0,0,3,0,0,0,0,0,0,0,0,3,0,0,0,0,0,0,0,0,0,0,0,0,30,0,0,99,0,3,0,0,0,0,0,0,3,5,5,0,0,0,0,0,1
Summer,Carysfort,May,24,2023,4,3,1.16,1,35,3,3,0,0,40,4,0,0,0,0,5,0,0,0,0,0,0,0,0,0,0,0,0,0,0,0,0,0,0,90,1,0,0,0,0,0,0,0,1,1,0,1,0,0,0,0,1
Summer,Carysfort,May,24,2023,5,11,1.35,1,45,5,4,0,0,27,3,0,3,0,0,0,0,0,5,0,5,0,0,0,0,0,0,0,0,0,0,0,0,0,97,0,0,0,0,0,0,0,0,0,0,0,0,0,0,0,0,0
Summer,Carysfort,May,24,2023,6,2,1.25,2,45,5,6,0,0,20,4,0,0,0,0,6,0,0,0,0,0,0,0,0,0,0,0,0,0,0,0,5,0,0,91,0,0,0,0,0,0,0,0,0,0,0,0,0,0,0,0,0
Summer,Carysfort,May,24,2023,7,12,1.28,1,50,7,5,0,0,16,5,0,0,3,0,3,0,0,7,0,0,0,0,0,0,0,0,0,0,0,0,0,0,0,96,0,0,0,0,0,0,0,0,0,0,0,0,0,0,0,0,0
Summer,Carysfort,May,24,2023,8,14,1.32,1,45,4,5,0,0,15,8,0,0,0,0,1,0,0,3,0,0,0,0,0,0,0,0,5,0,0,0,0,0,0,86,0,0,0,0,0,0,0,0,0,0,0,0,0,0,0,0,0
Summer,Carysfort,May,25,2023,9,5,1.35,2,40,13,1,0,0,10,0,0,15,1,0,20,0,0,0,0,0,0,0,0,0,0,0,7,5,3,0,2,0,0,117,0,0,0,0,0,0,0,0,0,0,0,0,0,0,0,0,0
Summer,Carysfort,May,25,2023,10,16,1.85,1,10,20,0,0,0,15,3,0,20,2,0,3,0,0,1,0,0,0,0,0,0,3,0,5,3,0,0,5,0,0,90,0,0,0,0,15,0,0,0,15,0,0,0,0,0,0,0,0
Summer,Carysfort,May,25,2023,11,12,1.19,1,50,5,0,0,0,10,3,0,2,0,3,0,0,10,0,0,0,0,0,0,0,3,0,0,2,0,0,5,0,0,93,0,0,0,0,0,0,0,0,0,0,0,0,0,0,0,0,0
Summer,Carysfort,May,25,2023,12,9,1.39,1,40,0,0,0,0,10,3,0,5,2,0,2,0,0,0,0,0,0,0,0,0,1,0,10,1,0,0,0,1,0,75,7,25,0,0,0,0,0,0,32,0,0,0,0,0,0,0,0
Summer,Carysfort,May,25,2023,13,5,1.72,1,40,0,0,0,0,20,15,0,3,0,0,5,0,0,5,0,0,0,0,0,0,0,0,4,3,0,0,2,4,0,101,0,0,0,0,0,0,0,0,0,1,1,0,0,0,0,0,1
Summer,Carysfort,May,25,2023,14,9,1.16,2,55,6,0,0,0,17,4,2,9,0,0,0,0,0,4,0,0,0,0,0,0,3,0,2,0,0,0,0,0,0,102,0,0,0,0,0,0,0,0,0,0,0,0,0,0,0,0,0
Summer,Carysfort,May,25,2023,15,14,1.52,1,20,10,4,0,0,5,5,7,5,3,0,12,3,0,7,0,0,0,0,0,0,0,0,3,2,0,0,15,0,0,101,0,0,0,0,0,0,0,0,0,0,0,0,0,0,0,0,0
Summer,Carysfort,May,25,2023,16,10,1.11,2,50,5,0,0,0,7,5,0,3,3,0,4,0,0,0,0,2,0,0,0,0,10,0,3,5,3,0,0,0,0,100,0,1,0,0,0,0,0,0,1,1,1,0,0,0,0,0,1
Summer,Carysfort,May,25,2023,17,12,1.56,1,35,6,3,0,0,7,6,0,6,4,0,12,0,0,2,1,0,0,0,0,0,8,2,0,3,0,0,0,0,0,95,7,2,0,0,0,0,0,0,9,3,2,1,0,0,0,0,1
Summer,Carysfort,May,25,2023,18,5,1.06,3,60,6,5,0,0,0,4,2,0,3,0,15,0,0,0,0,0,2,0,0,0,6,0,4,2,0,0,0,0,0,109,0,0,0,0,0,0,0,0,0,0,0,0,0,0,0,0,0
Summer,Carysfort,May,25,2023,19,1,1.19,3,65,8,3,0,0,7,5,0,6,0,0,2,0,0,0,0,0,5,0,0,0,7,4,4,0,0,0,5,0,0,121,0,0,0,0,0,0,0,0,0,0,0,0,0,0,0,0,0
Summer,Carysfort,May,25,2023,20,2,1.22,2,60,5,6,0,0,5,4,0,3,4,0,4,0,0,0,0,5,0,0,0,0,8,0,4,3,0,0,3,0,0,114,0,0,0,0,0,0,0,0,0,0,0,0,0,0,0,0,0
Summer,Carysfort,May,25,2023,21,28,1.67,3,50,8,2,0,0,9,7,0,0,0,0,10,0,5,0,0,0,0,0,0,0,0,0,7,2,0,0,5,0,0,105,0,0,0,0,0,0,0,0,0,0,0,0,0,0,0,0,0
Summer,Carysfort,May,25,2023,22,35,2,2,5,15,2,0,0,0,2,0,4,0,0,10,0,0,0,0,0,0,0,0,0,6,5,3,2,0,0,0,0,0,54,0,0,0,65,3,0,0,0,68,1,0,0,0,0,1,0,1
Summer,Carysfort,May,25,2023,23,24,1.14,3,50,3,3,0,0,4,5,0,0,0,0,3,0,0,4,0,0,0,0,0,0,4,0,15,0,0,0,5,0,0,96,0,0,0,0,0,0,0,0,0,0,0,0,0,0,0,0,0
Summer,Carysfort,May,25,2023,24,18,2,3,40,8,2,0,0,9,4,3,4,7,0,0,0,0,2,0,3,0,0,0,0,5,0,12,0,0,0,0,0,0,99,0,0,0,0,0,0,0,0,0,0,0,0,0,0,0,0,0
Summer,Carysfort,May,25,2023,25,28,1.28,3,75,8,0,0,0,6,6,0,0,0,0,0,0,0,2,0,0,3,0,0,0,2,0,5,3,0,0,5,0,0,115,0,0,0,0,0,0,0,0,0,0,0,0,0,0,0,0,0
Summer,Conch,May,25,2023,1,5,1.11,1,65,3,0,0,0,7,2,0,0,0,0,0,0,0,0,0,0,0,5,0,0,0,4,10,0,1,1,5,0,0,103,0,3,0,0,0,0,0,0,3,1,1,0,0,0,0,0,1
Summer,Conch,May,25,2023,2,2,1.61,2,85,0,0,0,0,3,1,0,5,0,0,2,0,0,0,0,0,0,0,0,0,0,0,0,0,0,0,5,0,0,101,0,0,0,0,0,0,0,0,0,0,0,0,0,0,0,0,0
Summer,Conch,May,25,2023,3,15,1.25,2,70,3,0,0,0,5,1,0,3,1,0,0,0,0,1,0,0,0,0,0,0,3,0,20,0,0,0,5,5,0,117,0,8,0,0,0,0,0,0,8,1,1,0,0,0,0,0,1
Summer,Conch,May,25,2023,4,2,1.22,2,55,0,0,0,0,5,3,0,7,1,0,5,0,0,0,0,0,0,0,0,0,0,0,2,0,0,0,2,0,0,80,0,0,0,0,0,0,0,0,0,0,0,0,0,0,0,0,0
Summer,Conch,May,25,2023,5,0,1.19,2,50,3,0,0,0,3,3,0,5,1,0,5,0,0,0,0,0,0,0,0,0,0,0,27,0,0,0,3,0,0,100,0,0,0,0,0,0,0,0,0,0,0,0,0,0,0,0,0
Summer,Conch,May,25,2023,6,5,1.11,2,40,0,0,0,0,2,2,0,0,1,0,5,0,0,2,0,0,0,0,0,0,0,0,35,0,0,0,0,0,0,87,0,15,0,0,0,0,0,0,15,0,0,0,0,0,0,0,0
Summer,Conch,May,26,2023,7,9,1.19,5,85,5,0,0,0,5,0,0,0,0,0,0,0,0,3,0,0,0,0,0,0,0,0,0,0,0,0,0,0,0,98,0,0,0,0,0,0,0,0,0,0,0,0,0,0,0,0,0
Summer,Conch,May,26,2023,8,12,1.19,4,70,0,0,0,0,10,0,0,0,5,0,0,0,0,7,0,0,0,0,0,0,0,0,10,0,0,0,5,0,0,107,0,0,0,0,0,0,0,0,0,0,0,0,0,0,0,0,0
Summer,Conch,May,26,2023,9,2,1.22,6,60,2,0,0,0,5,1,0,0,3,0,3,0,0,3,3,0,0,0,0,0,0,0,25,0,0,0,5,3,0,113,0,0,0,0,0,0,0,0,0,0,0,0,0,0,0,0,0
Summer,Conch,May,26,2023,10,8,1.09,4,75,5,0,0,0,10,3,0,0,2,0,0,0,0,0,0,0,0,5,0,0,0,0,10,0,0,0,2,0,0,112,0,0,0,0,0,0,0,0,0,0,0,0,0,0,0,0,0
Summer,Conch,May,26,2023,11,4,1.09,3,70,3,0,0,0,7,3,0,10,1,0,0,0,0,0,0,0,0,0,0,3,0,0,7,0,0,0,10,4,0,118,0,0,0,0,0,0,0,0,0,0,0,0,0,0,0,0,0
Summer,Conch,May,26,2023,12,6,1.11,4,65,0,0,0,0,5,1,0,0,1,0,5,0,0,3,0,0,0,0,0,0,0,0,20,5,0,0,2,0,0,107,0,0,0,0,0,0,0,0,0,0,0,0,0,0,0,0,0
Summer,Conch,May,26,2023,13,11,1.16,3,40,5,0,0,0,15,3,0,0,5,0,3,0,0,7,0,0,0,0,0,0,0,0,45,0,0,0,1,0,0,124,0,0,0,0,1,0,0,0,1,1,0,0,0,0,1,0,1
Summer,Conch,May,26,2023,14,6,1.25,5,80,0,0,0,0,5,0,0,5,0,0,5,0,0,0,1,0,0,0,0,0,0,0,5,2,0,0,15,0,0,118,0,0,0,0,0,0,0,0,0,0,0,0,0,0,0,0,0
Summer,Conch,May,26,2023,15,9,1.14,5,90,0,0,0,0,5,0,2,3,0,0,0,0,0,0,0,0,0,0,0,0,0,0,0,0,0,0,5,0,0,105,0,0,0,0,0,0,0,0,0,0,0,0,0,0,0,0,0
Summer,Conch,May,26,2023,16,1,1.14,5,2,0,0,0,0,5,0,0,0,0,0,0,0,0,0,0,0,0,0,0,0,0,0,0,0,0,0,95,3,0,105,0,0,0,0,0,0,0,0,0,0,0,0,0,0,0,0,0
Summer,Conch,May,26,2023,17,17,1.39,5,40,5,0,0,0,15,3,0,10,1,0,5,0,0,0,1,0,0,0,0,0,0,0,10,0,0,0,15,3,0,108,0,10,0,0,0,0,0,0,10,0,0,0,0,0,0,0,0
Summer,Conch,May,26,2023,18,18,1.39,2,40,0,0,0,0,15,5,0,15,0,0,0,0,0,0,0,0,0,0,0,0,0,0,35,2,0,0,0,0,0,112,0,0,0,0,0,0,0,0,0,0,0,0,0,0,0,0,0
Summer,Conch,May,26,2023,19,3,1.09,3,45,2,0,0,0,7,5,0,1,2,0,5,0,0,10,0,7,0,0,0,0,0,0,15,0,0,0,5,5,0,109,0,0,0,0,0,0,0,0,0,0,0,0,0,0,0,0,0
Summer,Conch,May,26,2023,20,9,1.14,3,55,0,0,0,0,10,3,0,5,0,0,7,0,0,0,0,0,0,7,0,0,0,0,5,1,0,0,7,0,0,100,0,0,0,0,0,0,0,0,0,0,0,0,0,0,0,0,0
Summer,Conch,May,26,2023,21,1,1.16,5,70,1,0,0,0,5,2,0,3,0,0,5,0,0,10,0,0,0,0,0,0,0,1,0,0,0,0,10,0,0,107,0,0,0,0,0,0,0,0,0,0,0,0,0,0,0,0,0
Summer,Conch,May,26,2023,22,6,1.61,3,45,0,0,0,0,10,3,3,5,2,0,1,0,0,0,0,0,0,0,0,0,0,0,20,3,0,0,5,3,0,100,0,5,0,0,0,0,0,0,5,0,0,0,0,0,0,0,0
Summer,Conch,May,26,2023,23,1,1.85,2,30,3,0,0,0,20,5,0,5,3,0,3,0,0,7,0,0,0,0,0,5,3,5,3,3,0,0,10,5,0,110,0,2,0,0,1,0,0,0,3,2,1,0,0,0,1,0,1
Summer,Conch,May,26,2023,24,5,1.11,6,75,3,0,0,0,5,3,0,1,0,0,4,0,0,0,0,0,0,0,0,1,1,0,15,2,0,0,2,0,0,112,0,0,0,0,0,0,0,0,0,0,0,0,0,0,0,0,0
Summer,Conch,May,26,2023,25,9,1.43,3,60,3,0,0,0,10,1,0,1,0,0,5,0,0,0,0,0,0,0,0,1,1,2,30,2,0,0,0,0,0,116,0,0,0,0,0,0,0,0,0,0,0,0,0,0,0,0,0
Fall,South Canyon,Sept,16,2023,1,5,1.67,0.5,10,5,0,40,0,3,0,0,0,0,2,0,0,0,0,0,0,0,0,0,40,0,0,0,1,0,0,7,0,0,108,1,0,0,0,0,0,0,0,0,1,0,1,0,0,0,0,1
Fall,South Canyon,Sept,16,2023,2,15,1.32,1,10,1,0,30,0,5,0,7,0,2,0,15,0,13,0,0,7,0,0,0,0,0,0,0,0,3,0,7,0,0,100,0,0,0,0,0,0,0,0,0,0,0,0,0,0,0,0,0
Fall,South Canyon,Sept,16,2023,3,4,1.19,0.5,1,0,0,15,0,2,0,0,0,0,0,0,0,80,0,0,0,0,0,0,25,0,0,0,0,0,0,1,0,0,124,0,0,0,0,0,0,0,0,0,0,0,0,0,0,0,0,0
Fall,South Canyon,Sept,16,2023,4,4,1.19,0.5,3,0,0,10,0,5,0,15,0,5,6,0,5,0,1,0,0,0,22,10,1,0,0,0,0,0,0,17,0,0,100,0,0,0,0,0,0,0,0,0,0,0,0,0,0,0,0,0
Fall,South Canyon,Sept,16,2023,5,3,1.22,1,27,0,0,35,0,10,0,6,0,0,0,5,0,12,0,0,0,0,0,0,0,0,0,0,0,0,0,5,0,0,100,0,0,0,0,0,0,0,0,0,1,0,1,0,0,0,0,1
Fall,South Canyon,Sept,16,2023,6,2,1.25,1,5,6,0,30,0,15,0,0,0,0,11,6,0,15,0,0,0,0,0,0,5,0,0,0,0,0,0,15,0,0,108,0,0,0,0,0,0,0,0,0,0,0,0,0,0,0,0,0
Fall,South Canyon,Sept,16,2023,7,5,1.22,1,1,0,0,20,0,0,0,25,0,0,0,0,0,20,0,0,0,0,10,0,5,0,0,0,0,0,0,8,0,0,89,0,0,0,0,0,0,0,0,0,0,0,0,0,0,0,0,0
Fall,South Canyon,Sept,16,2023,8,5,1.16,0.5,1,5,0,15,0,15,0,0,0,0,0,5,0,0,0,0,0,15,15,0,35,0,0,0,2,0,0,0,0,0,108,0,15,0,0,0,0,0,0,0,0,0,0,0,0,0,0,0
Fall,South Canyon,Sept,16,2023,9,8,1.19,0.5,0,5,15,40,0,10,0,0,0,10,20,0,0,0,0,0,0,0,0,0,8,0,0,0,0,0,0,1,0,0,109,0,0,0,0,0,0,0,0,0,0,0,0,0,0,0,0,0
Fall,South Canyon,Sept,16,2023,10,15,1.43,0.5,5,40,0,10,0,3,0,10,1,0,0,8,0,8,10,0,0,0,0,0,28,0,0,0,0,0,0,9,0,0,132,1,0,0,0,0,0,0,0,0,1,0,1,0,0,0,0,1
Fall,South Canyon,Sept,16,2023,11,5,1.47,0.5,1,0,0,5,0,10,0,0,0,5,5,0,0,60,2,0,0,0,0,0,25,0,0,0,0,0,0,5,0,0,118,0,0,0,0,0,0,0,0,0,0,0,0,0,0,0,0,0
Fall,South Canyon,Sept,16,2023,12,1,1.25,0.5,5,1,0,30,0,0,0,10,0,0,0,0,0,1,0,0,0,0,0,0,0,0,0,0,0,0,0,7,0,0,54,40,0,0,0,0,0,0,0,0,0,0,0,0,0,0,0,0
Fall,South Canyon,Sept,16,2023,13,12,1.16,1,15,10,0,50,0,10,0,5,0,0,0,0,0,0,0,0,0,0,0,0,0,0,0,0,0,0,0,10,0,0,100,0,0,0,0,0,0,0,0,0,0,0,0,0,0,0,0,0
Fall,South Canyon,Sept,16,2023,14,8,1.14,NA,0,20,0,20,0,5,0,10,0,0,1,0,0,0,10,0,25,0,5,0,0,0,0,0,0,0,0,5,0,0,101,0,0,0,0,3,0,0,0,0,0,0,0,0,0,0,0,0
Fall,South Canyon,Sept,16,2023,15,1,1.22,1,10,7,0,30,0,10,1,10,1,0,1,0,0,0,0,0,0,0,0,0,20,0,0,0,0,10,0,3,0,0,103,2,0,0,0,0,0,0,0,0,1,0,1,0,0,0,0,1
Fall,South Canyon,Sept,16,2023,16,6,1.22,0.5,1,3,0,20,0,1,0,0,0,0,0,0,0,35,5,0,0,0,0,0,35,0,0,0,0,0,0,0,0,0,100,0,0,0,0,0,0,0,0,0,0,0,0,0,0,0,0,0
Fall,South Canyon,Sept,16,2023,17,24,1.52,2,60,0,0,25,0,5,0,0,5,0,0,0,0,0,0,0,0,0,0,0,0,0,0,0,0,0,0,0,5,0,100,0,0,0,0,0,0,0,0,0,0,0,0,0,0,0,0,0
Fall,South Canyon,Sept,16,2023,18,7,1.14,1,10,10,5,0,0,15,0,0,0,0,0,0,15,20,0,0,0,0,0,0,20,0,0,0,0,0,0,5,0,0,100,0,0,0,0,0,0,0,0,0,0,0,0,0,0,0,0,0
Fall,South Canyon,Sept,16,2023,19,1,1.22,1.5,5,10,0,20,0,20,0,15,0,1,5,0,0,25,0,0,0,0,0,0,5,0,0,0,3,0,0,0,0,0,109,0,0,0,0,0,0,0,0,0,0,0,0,0,0,0,0,0
Fall,South Canyon,Sept,16,2023,20,6,1.19,NA,0,5,0,2,0,0,0,10,0,0,0,0,0,85,0,0,5,0,0,0,5,0,0,0,0,0,0,0,0,0,112,0,0,0,0,3,0,0,0,0,0,0,0,0,0,0,0,0
Fall,South Canyon,Sept,16,2023,21,8,1.11,1.5,10,5,0,10,0,1,0,10,0,0,0,10,0,30,0,0,0,0,5,0,10,0,0,0,0,0,0,20,0,0,111,0,0,0,0,0,0,0,0,0,0,0,0,0,0,0,0,0
Fall,South Canyon,Sept,16,2023,22,4,1.19,1,5,5,0,30,0,7,0,1,0,0,0,3,5,20,3,0,0,0,0,0,15,0,0,0,0,0,0,5,2,0,101,4,1,0,0,0,0,0,0,0,2,1,1,0,0,0,0,1
Fall,South Canyon,Sept,16,2023,23,2,1.11,0.5,15,5,0,40,0,5,0,10,0,0,0,10,0,0,0,0,0,0,0,0,5,0,0,0,0,0,0,10,0,0,100,0,7,0,0,0,0,0,0,0,0,0,0,0,0,0,0,0
Fall,South Canyon,Sept,16,2023,24,16,2,NA,0,0,0,15,0,2,0,10,0,1,0,0,0,66,0,0,0,0,0,0,20,0,0,0,0,0,0,0,0,2,116,10,0,0,0,0,0,0,0,0,0,0,0,0,0,0,0,0
Fall,South Canyon,Sept,16,2023,25,27,1.11,NA,0,0,0,30,0,10,0,5,0,0,5,0,0,40,5,0,0,0,10,0,5,0,3,0,0,0,0,1,0,0,114,0,0,0,0,5,0,0,0,0,0,0,0,0,0,0,0,0
Fall,Dania Beach,Sept,22,2023,1,5,1.43,1.5,25,0,0,10,0,10,1,0,5,0,5,1,0,5,0,0,0,0,7,0,0,0,0,0,0,10,0,50,0,0,129,0,1,0,1,0,0,0,0,0,2,1,0,1,0,0,0,1
Fall,Dania Beach,Sept,22,2023,2,7,1.39,1,15,3,10,0,0,20,0,1,5,1,5,0,20,5,0,0,10,0,0,5,0,0,0,0,0,0,0,1,0,0,101,0,0,0,0,0,0,0,0,0,0,0,0,0,0,0,0,0
Fall,Dania Beach,Sept,22,2023,3,2,1.25,2,60,3,1,5,0,15,0,0,0,0,5,0,0,20,0,1,0,0,0,0,0,0,0,0,0,0,0,0,0,0,110,15,0,0,0,0,0,0,0,0,0,0,0,0,0,0,0,0
Fall,Dania Beach,Sept,22,2023,4,6,1.39,2,5,0,1,15,0,60,0,0,3,0,5,0,0,10,5,0,5,0,10,0,0,0,0,0,0,0,0,3,0,0,122,0,0,0,0,0,0,0,0,0,0,0,0,0,0,0,0,0
Fall,Dania Beach,Sept,22,2023,5,1,1.11,1,1,1,0,10,0,80,0,5,0,0,0,0,0,0,0,0,15,0,0,0,0,0,0,0,0,0,0,3,0,0,115,1,0,0,0,0,0,0,0,0,1,0,1,0,0,0,0,1
Fall,Dania Beach,Sept,22,2023,6,5,1.22,1,5,0,0,25,0,70,5,5,0,0,5,0,0,0,0,0,4,0,0,4,0,0,0,0,0,0,0,0,0,0,123,0,0,0,0,0,0,0,0,0,0,0,0,0,0,0,0,0
Fall,Dania Beach,Sept,22,2023,7,1,1.16,2,30,0,0,10,0,40,0,0,0,0,5,0,0,0,0,0,0,0,0,0,0,0,0,0,0,15,0,3,0,0,103,0,0,0,0,0,0,0,0,0,0,0,0,0,0,0,0,0
Fall,Dania Beach,Sept,22,2023,8,9,1.47,2,5,15,0,15,0,50,0,1,0,10,0,0,3,0,0,0,0,0,5,0,0,0,0,0,0,0,0,20,0,0,124,0,0,0,0,0,0,0,0,0,0,0,0,0,0,0,0,0
Fall,Dania Beach,Sept,22,2023,9,7,1.25,1,60,1,0,15,0,30,0,0,5,0,1,0,0,0,0,0,0,0,0,0,0,0,0,0,0,0,0,5,0,0,117,0,0,0,0,0,0,0,0,0,0,0,0,0,0,0,0,0
Fall,Dania Beach,Sept,22,2023,10,2,1.85,1,5,3,0,10,0,20,0,0,0,0,0,0,0,0,5,0,0,7,10,0,0,0,0,0,0,0,0,50,0,0,110,15,0,0,0,0,0,0,0,0,0,0,0,0,0,0,0,0
Fall,Dania Beach,Sept,22,2023,11,3,1.28,NA,0,1,0,0,0,10,0,0,3,0,0,0,0,90,5,0,0,0,0,0,0,0,0,0,0,0,0,0,0,0,109,0,0,0,0,0,0,0,0,0,0,0,0,0,0,0,0,0
Fall,Dania Beach,Sept,22,2023,12,1,1.16,1,15,0,0,15,0,50,7,0,0,0,5,7,0,5,0,0,0,0,0,0,0,0,0,0,0,0,0,0,0,0,104,15,0,0,0,0,0,0,0,0,0,0,0,0,0,0,0,0
Fall,Dania Beach,Sept,22,2023,13,18,1.22,3,90,0,0,10,0,5,0,0,0,0,0,2,0,0,0,0,8,0,0,0,15,0,0,0,0,0,0,1,0,0,131,0,0,0,0,0,0,0,0,0,0,0,0,0,0,0,0,0
Fall,Dania Beach,Sept,22,2023,14,2,1.14,1,45,4,5,10,0,20,0,10,0,0,5,4,0,0,5,10,0,0,0,0,0,0,0,0,0,0,0,1,0,0,119,0,0,0,0,0,0,0,0,0,0,0,0,0,0,0,0,0
Fall,Dania Beach,Sept,22,2023,15,10,1.14,1,30,5,5,5,0,31,0,7,0,0,8,0,6,0,0,0,2,0,0,0,0,0,0,0,0,0,0,1,0,0,100,0,0,0,0,0,0,0,0,0,0,0,0,0,0,0,0,0
Fall,Dania Beach,Sept,22,2023,16,0,1.43,1,5,3,NA,10,0,30,0,10,0,0,35,0,0,0,15,0,8,0,0,0,0,0,0,0,0,0,0,0,0,0,116,0,0,0,0,0,0,0,0,0,1,1,0,0,0,0,0,1
Fall,Dania Beach,Sept,22,2023,17,6,1.43,1,5,10,0,20,0,20,0,5,0,0,0,0,0,0,0,0,0,0,0,0,0,0,0,0,0,0,0,0,0,0,60,5,0,0,0,0,0,0,0,0,1,0,0,1,0,0,0,1
Fall,Dania Beach,Sept,22,2023,18,11,1.35,2,20,0,5,10,70,70,0,0,0,0,1,8,0,0,0,5,8,0,0,0,0,0,0,0,0,0,0,3,0,0,200,0,0,0,0,0,0,0,0,0,0,0,0,0,0,0,0,0
Fall,Dania Beach,Sept,22,2023,19,3,1.04,3,10,0,0,10,0,40,0,0,0,0,2,10,2,0,0,0,0,0,0,0,0,0,0,0,0,0,0,20,0,0,94,5,1,0,0,0,0,0,0,0,0,0,0,0,0,0,0,0
Fall,Dania Beach,Sept,22,2023,20,9,1.22,2,25,5,5,8,0,40,0,5,0,0,1,0,0,15,0,0,0,0,0,0,0,0,0,0,0,0,0,0,0,0,104,0,0,0,0,0,0,0,0,0,1,0,0,1,0,0,0,1
Fall,Dania Beach,Sept,22,2023,21,5,1.67,NA,1,5,0,5,0,70,0,10,0,0,3,0,0,0,0,0,15,0,0,0,0,0,0,0,0,0,0,0,0,0,109,5,0,0,0,0,0,0,0,0,1,1,0,0,0,0,0,1
Fall,Dania Beach,Sept,22,2023,22,18,1.67,1,5,0,0,10,0,90,0,0,0,0,8,0,0,0,0,0,0,0,0,0,0,0,0,0,0,0,0,5,0,0,118,0,0,0,0,0,0,0,0,0,1,0,1,0,0,0,0,1
Fall,Dania Beach,Sept,22,2023,23,15,1.25,NA,1,5,0,5,0,65,0,1,0,0,7,0,0,0,0,0,15,0,0,0,5,0,0,0,0,0,0,0,0,0,104,0,0,0,0,0,0,0,0,0,0,0,0,0,0,0,0,0
Fall,Dania Beach,Sept,22,2023,24,20,1.22,NA,1,0,0,3,0,10,0,3,0,0,0,0,0,80,4,0,0,0,0,0,0,0,0,0,0,0,0,0,0,0,101,5,0,0,0,0,0,0,0,0,1,0,1,0,0,0,0,1
Fall,Dania Beach,Sept,22,2023,25,7,1.43,NA,0,20,0,10,0,0,0,10,0,0,10,0,0,50,0,0,0,0,0,0,20,0,0,0,0,0,0,0,0,0,120,0,0,0,0,0,0,0,0,0,0,0,0,0,0,0,0,0
Fall,Emerald,Sept,29,2023,1,16,1.32,0.5,20,8,2,10,0,20,0,0,0,1,0,0,3,0,1,0,0,0,0,0,0,0,0,0,0,0,0,3,0,1,69,0,1,0,0,0,0,0,0,0,1,1,0,0,0,0,0,1
Fall,Emerald,Sept,29,2023,2,18,1.22,0.5,10,0,40,7,0,16,0,16,0,0,0,0,0,0,1,0,0,0,0,0,0,0,0,0,0,11,0,0,0,0,101,0,0,0,0,0,0,0,0,0,0,0,0,0,0,0,0,0
Fall,Emerald,Sept,29,2023,3,16,1.39,0.5,10,1,5,0,0,10,0,2,0,0,10,15,0,20,6,0,21,0,0,0,0,0,0,0,0,0,0,0,0,0,100,0,0,0,0,0,0,0,0,0,0,0,0,0,0,0,0,0
Fall,Emerald,Sept,29,2023,4,19,1.52,1,40,5,15,0,0,30,0,0,0,0,1,5,0,5,0,0,0,0,2,0,0,0,0,0,0,0,0,0,0,0,103,0,0,0,0,0,0,0,0,0,0,0,0,0,0,0,0,0
Fall,Emerald,Sept,29,2023,5,2,1.14,0.5,31,0,10,0,0,36,3,0,0,1,1,10,0,0,10,0,0,0,0,0,0,0,1,0,0,1,0,0,0,0,104,0,0,0,0,0,0,0,0,0,0,0,0,0,0,0,0,0
Fall,Emerald,Sept,29,2023,6,7,1.22,1,40,5,0,0,0,40,0,6,0,0,0,10,0,0,0,0,3,0,0,0,0,0,0,0,0,10,0,10,0,0,124,3,0,0,0,0,0,0,0,0,0,0,0,0,0,0,0,0
Fall,Emerald,Sept,29,2023,7,5,1.19,1.5,50,NA,5,0,0,35,0,0,0,0,5,0,0,0,0,0,2,0,0,0,0,0,0,0,0,4,0,0,0,0,101,0,0,0,0,0,0,0,0,0,0,0,0,0,0,0,0,0
Fall,Emerald,Sept,29,2023,8,4,1.61,NA,0,3,15,0,0,8,0,5,0,0,0,0,0,80,4,0,0,0,0,0,0,0,0,0,0,0,0,0,0,0,115,0,0,0,0,0,0,0,0,0,0,0,0,0,0,0,0,0
Fall,Emerald,Sept,29,2023,9,7,1.19,1,20,NA,3,0,0,10,0,0,0,0,0,20,0,0,25,0,15,0,0,0,0,0,0,0,0,15,0,0,0,0,108,0,0,0,0,0,0,0,0,0,0,0,0,0,0,0,0,0
Fall,Emerald,Sept,29,2023,10,16,1.61,1,25,5,40,0,0,30,0,0,0,0,0,0,0,0,0,0,0,0,0,0,0,0,0,0,0,1,0,0,0,0,101,25,0,0,0,0,0,0,0,0,1,0,1,0,0,0,0,1
Fall,Emerald,Sept,29,2023,11,22,1.25,1,50,5,0,0,0,30,0,3,0,0,0,2,0,5,0,0,0,0,0,0,0,0,1,0,0,1,0,15,0,0,112,0,0,0,0,0,0,0,0,0,0,0,0,0,0,0,0,0
Fall,Emerald,Sept,29,2023,12,13,1.09,1,40,2,10,0,0,25,0,3,0,0,0,6,0,0,0,0,6,0,0,0,0,0,0,0,0,4,0,10,0,0,106,0,0,0,0,5,0,0,0,0,1,1,0,0,0,0,0,1
Fall,Emerald,Sept,29,2023,13,4,1.35,0.5,10,5,0,0,0,5,0,0,0,0,0,0,3,0,0,0,0,0,0,0,0,0,0,0,0,10,0,80,0,1,114,10,0,0,0,0,0,0,0,0,0,0,0,0,0,0,0,0
Fall,Emerald,Sept,29,2023,14,20,1.67,1,60,5,2,0,0,20,0,10,0,0,0,0,15,0,0,0,0,0,0,0,0,0,0,0,0,5,0,0,0,0,117,0,10,0,0,0,0,0,0,0,0,0,0,0,0,0,0,0
Fall,Emerald,Sept,29,2023,15,2,1.92,1,30,25,10,0,0,20,1,5,0,0,0,0,0,0,0,0,0,0,0,0,0,0,0,0,0,0,0,15,1,0,107,0,3,0,0,0,0,0,0,0,1,1,0,0,0,0,0,1
Fall,Emerald,Sept,29,2023,16,5,2,1.5,30,5,20,0,0,20,0,7,0,0,0,0,0,0,0,0,5,0,0,0,0,0,0,0,0,0,0,15,0,0,102,0,0,0,0,0,0,10,0,0,0,0,0,0,0,0,0,0
Fall,Emerald,Sept,29,2023,17,20,1.25,1,15,0,10,0,0,20,0,5,2,0,0,15,0,10,5,0,10,0,0,0,0,0,15,0,0,10,0,3,2,0,122,0,0,0,0,0,0,0,0,0,0,0,0,0,0,0,0,0
Fall,Emerald,Sept,29,2023,18,40,1.67,NA,0,0,2,0,0,5,0,0,0,0,0,0,0,0,0,0,0,0,0,0,0,0,0,0,0,0,0,97,0,0,104,0,0,0,0,0,0,0,0,0,0,0,0,0,0,0,0,0
Fall,Emerald,Sept,29,2023,19,10,1.47,1,30,5,0,0,0,10,0,15,0,0,0,0,0,0,0,0,0,0,1,0,0,0,0,0,0,0,0,40,3,0,104,0,0,0,0,0,0,0,0,0,0,0,0,0,0,0,0,0
Fall,Emerald,Sept,29,2023,20,0,1.52,1,5,0,5,NA,NA,20,NA,NA,NA,NA,50,NA,NA,NA,NA,NA,NA,NA,NA,NA,NA,NA,NA,NA,NA,NA,NA,40,NA,NA,120,0,0,0,0,0,0,0,0,0,0,0,0,0,0,0,0,0
Fall,Emerald,Sept,29,2023,21,15,1.25,0.5,10,0,30,0,0,30,0,0,2,0,0,7,10,0,5,5,0,0,0,0,0,0,0,0,0,5,0,10,0,0,114,0,0,0,0,0,0,0,0,0,0,0,0,0,0,0,0,0
Fall,Emerald,Sept,29,2023,22,0,1.28,0.5,50,5,0,0,0,10,0,10,0,0,0,0,5,0,0,0,0,0,10,0,0,0,10,0,0,5,0,0,0,0,105,0,0,0,0,0,0,0,0,0,0,0,0,0,0,0,0,0
Fall,Emerald,Sept,29,2023,23,20,1.19,1,90,1,0,0,0,5,0,5,0,0,0,0,0,0,0,0,0,0,0,0,0,0,0,0,0,0,0,1,0,0,102,5,0,0,0,0,0,0,0,0,2,2,0,0,0,0,0,1
Fall,Emerald,Sept,29,2023,24,6,1.43,1,65,3,5,0,0,10,0,5,0,0,10,0,0,0,0,0,10,0,1,0,0,0,0,0,0,0,0,10,0,0,119,0,10,0,0,0,0,0,0,0,2,2,0,0,0,0,0,1
Fall,Emerald,Sept,29,2023,25,10,1.28,1,35,5,0,0,0,10,0,5,0,0,0,5,0,0,0,0,0,0,0,0,0,0,0,0,0,0,0,35,5,0,100,3,3,0,0,0,0,0,0,0,2,1,1,0,0,0,0,1
Fall,Fort Lauderdale,October,7,2023,1,10,1.52,1,50,0,0,30,0,20,0,0,0,0,0,2,0,0,5,0,0,0,0,0,0,0,0,0,0,0,0,0,0,0,107,0,0,0,0,0,0,0,0,0,0,0,0,0,0,0,0,0
Fall,Fort Lauderdale,October,7,2023,2,2,1.25,1,20,4,5,12,0,15,2,3,5,0,4,15,0,5,0,0,4,0,0,0,6,0,0,0,0,0,0,0,0,0,100,0,0,0,0,0,0,10,0,0,0,0,0,0,0,0,0,0
Fall,Fort Lauderdale,October,7,2023,3,11,1.35,1,35,NA,0,40,0,10,0,8,0,0,0,0,0,0,0,0,0,0,0,0,8,0,0,0,0,0,0,0,0,0,101,0,0,0,0,0,0,0,0,0,0,0,0,0,0,0,0,0
Fall,Fort Lauderdale,October,7,2023,4,6,1.25,1.5,60,0,0,20,0,30,0,5,0,0,0,0,0,0,0,0,0,0,0,0,4,0,0,0,0,0,0,0,0,1,120,0,0,0,0,0,0,0,0,0,0,0,0,0,0,0,0,0
Fall,Fort Lauderdale,October,7,2023,5,20,1.25,2,17,0,0,20,0,20,0,21,0,0,0,21,0,0,0,0,0,0,0,0,0,0,0,0,0,0,0,0,0,1,100,0,25,0,0,0,0,0,0,0,0,0,0,0,0,0,0,0
Fall,Fort Lauderdale,October,7,2023,6,2,1.16,1,15,0,0,15,0,50,0,0,3,0,1,0,0,0,0,0,0,0,0,0,15,0,15,0,0,0,0,0,0,0,114,0,0,0,0,0,0,0,0,0,0,0,0,0,0,0,0,0
Fall,Fort Lauderdale,October,7,2023,7,26,1.19,1,60,7,5,10,0,25,0,0,3,10,0,3,0,0,0,2,0,0,0,0,5,0,0,0,0,0,0,0,0,0,130,0,0,0,0,0,0,0,0,0,0,0,0,0,0,0,0,0
Fall,Fort Lauderdale,October,7,2023,8,5,1.35,1,5,3,0,25,0,20,0,5,3,0,5,0,0,5,0,0,3,0,0,0,0,0,0,0,0,0,0,0,0,1,75,5,0,0,0,0,0,0,0,0,1,0,1,0,0,0,0,1
Fall,Fort Lauderdale,October,7,2023,9,24,1.72,1,60,0,5,8,0,20,0,0,0,5,1,0,0,0,0,0,0,0,0,0,0,0,0,0,0,0,0,0,0,1,100,0,0,0,0,0,0,0,0,0,0,0,0,0,0,0,0,0
Fall,Fort Lauderdale,October,7,2023,10,35,1.67,1,40,0,4,6,0,15,0,10,0,4,0,8,0,0,10,0,0,0,0,0,4,0,0,0,0,0,0,0,0,0,101,0,0,0,0,0,0,0,0,0,0,0,0,0,0,0,0,0
Fall,Fort Lauderdale,October,7,2023,11,1,1.22,1,50,0,5,2,0,30,0,0,0,5,0,4,0,0,10,0,0,0,0,3,0,0,0,0,0,0,0,0,0,0,109,0,0,0,0,0,0,0,0,0,0,0,0,0,0,0,0,0
Fall,Fort Lauderdale,October,7,2023,12,10,2.5,1.5,42,4,0,7,0,22,0,5,0,4,6,4,3,0,0,0,0,0,0,0,0,0,3,0,0,0,0,0,0,0,100,0,0,0,0,0,0,0,0,0,0,0,0,0,0,0,0,0
Fall,Fort Lauderdale,October,7,2023,13,35,1.67,2,30,1,20,10,0,20,0,5,0,6,2,8,0,8,4,0,3,0,0,0,0,0,0,0,0,0,0,0,0,0,117,0,0,0,0,0,0,0,0,0,0,0,0,0,0,0,0,0
Fall,Fort Lauderdale,October,7,2023,14,9,1.25,1.5,35,2,10,10,0,30,0,0,0,5,0,5,0,0,5,0,0,0,0,0,0,0,0,0,0,0,0,0,0,1,103,0,0,0,0,0,0,0,0,0,0,0,0,0,0,0,0,0
Fall,Fort Lauderdale,October,7,2023,15,35,1.25,1,40,3,5,10,0,25,0,3,0,5,0,6,2,0,0,0,0,0,0,0,0,0,4,0,0,0,0,0,0,1,104,0,0,0,0,0,0,0,0,0,0,0,0,0,0,0,0,0
Fall,Fort Lauderdale,October,7,2023,16,5,1.04,1,35,3,0,15,0,20,0,3,0,5,3,7,0,0,11,0,0,0,0,0,1,0,0,0,0,0,0,0,0,1,104,0,0,0,0,0,0,0,0,0,0,0,0,0,0,0,0,0
Fall,Fort Lauderdale,October,7,2023,17,50,1.85,1,25,6,0,15,0,20,0,5,0,6,3,4,0,0,0,0,4,0,0,0,0,0,0,0,0,0,0,0,0,0,88,0,0,0,0,0,0,0,0,0,2,0,1,1,0,0,0,1
Fall,Fort Lauderdale,October,7,2023,18,10,1.19,1,20,0,0,40,0,35,0,0,0,5,3,6,0,0,0,0,0,0,0,0,0,0,0,0,0,0,0,0,0,1,110,0,0,0,0,0,0,0,0,0,0,0,0,0,0,0,0,0
Fall,Fort Lauderdale,October,7,2023,19,20,1.04,1,70,15,0,10,0,10,0,15,0,1,0,0,0,3,0,0,0,0,0,0,0,0,0,0,0,0,0,0,0,0,124,0,0,0,0,0,0,0,0,0,0,0,0,0,0,0,0,0
Fall,Fort Lauderdale,October,7,2023,20,15,1.25,1,20,30,0,10,0,50,0,30,0,3,0,10,0,0,0,0,0,0,0,0,0,0,0,0,0,0,0,0,0,1,154,0,0,0,0,0,0,0,0,0,0,0,0,0,0,0,0,0
Fall,Fort Lauderdale,October,7,2023,21,30,1.43,1.5,70,5,0,5,0,10,0,0,0,1,0,22,0,0,4,0,0,0,0,0,0,0,0,0,0,0,0,0,0,0,117,0,5,0,0,0,0,0,0,0,0,0,0,0,0,0,0,0
Fall,Fort Lauderdale,October,7,2023,22,39,1.67,2,65,4,0,13,0,20,0,0,0,1,0,0,0,0,0,0,0,0,0,0,0,0,1,0,0,0,0,0,0,0,104,1,1,0,0,0,0,0,0,0,2,1,1,0,0,0,0,1
Fall,Fort Lauderdale,October,7,2023,23,32,1.67,3,80,6,0,5,0,10,0,0,1,2,0,1,0,0,0,0,0,0,0,0,0,0,0,0,0,0,0,0,0,0,105,0,0,0,0,0,0,0,0,0,2,1,1,0,0,0,0,1
Fall,Fort Lauderdale,October,7,2023,24,37,1.85,2,70,0,0,2,0,25,0,0,0,2,0,4,0,0,0,0,0,0,0,0,0,0,0,0,0,0,0,0,0,0,103,0,1,0,0,0,0,0,0,0,1,1,0,0,0,0,0,1
Fall,Fort Lauderdale,October,7,2023,25,15,1.67,2,60,0,0,5,0,15,0,0,0,4,0,1,0,0,20,0,0,0,0,0,0,0,0,0,0,0,0,0,0,0,105,0,0,0,0,0,0,0,0,0,0,0,0,0,0,0,0,0
Fall,Conch,October,13,2023,1,22,1.43,1,90,20,10,0,0,2,0,0,0,0,0,1,0,0,0,0,0,0,0,0,0,0,0,0,0,0,0,0,0,0,123,0,0,0,0,0,0,0,0,0,0,0,0,0,0,0,0,0
Fall,Conch,October,13,2023,2,4,1.11,2,95,0,0,2,0,10,0,0,0,0,0,0,0,0,0,0,0,0,0,0,0,0,0,0,0,0,0,0,0,0,107,0,0,0,0,0,0,0,0,0,0,0,0,0,0,0,0,0
Fall,Conch,October,13,2023,3,7,1.35,2,95,3,0,0,0,3,0,0,0,0,0,0,0,0,0,0,0,0,0,0,2,0,0,0,0,0,0,0,0,0,103,0,0,0,0,0,0,0,0,0,2,2,0,0,0,0,0,1
Fall,Conch,October,13,2023,4,3,1.16,2.5,95,0,0,0,0,5,0,0,0,0,0,1,0,0,0,0,0,0,0,0,3,0,0,0,1,0,0,0,0,0,105,0,0,0,0,0,0,0,0,0,0,0,0,0,0,0,0,0
Fall,Conch,October,13,2023,5,11,1.35,1.5,90,5,0,0,0,3,0,2,0,0,0,2,0,0,0,0,0,0,0,0,0,0,0,0,0,0,0,0,0,0,102,0,1.5,0,0,0,0,0,0,0,1,1,0,0,0,0,0,1
Fall,Conch,October,13,2023,6,2,1.25,2,85,10,0,0,0,3,0,4,0,0,0,5,1,0,0,0,0,0,0,0,1,0,0,0,0,0,0,5,0,0,114,0,15,0,0,0,0,0,0,0,0,0,0,0,0,0,0,0
Fall,Conch,October,13,2023,7,12,1.28,3,98,0,0,0,0,2,0,0,0,0,0,0,0,0,0,0,1,0,0,0,0,0,0,0,0,0,0,0,0,0,101,0,0,0,0,0,0,0,0,0,0,0,0,0,0,0,0,0
Fall,Conch,October,13,2023,8,14,1.32,4,100,0,0,2,0,8,0,2,0,0,0,1,0,0,0,0,0,0,0,0,0,0,0,0,0,0,0,0,0,0,113,0,0,0,0,0,0,0,0,0,0,0,0,0,0,0,0,0
Fall,Conch,October,13,2023,9,5,1.35,3,90,5,0,1,0,7,0,1,0,0,0,0,0,0,0,0,0,0,0,0,0,0,0,0,0,0,0,0,0,0,104,0,0,0,0,0,0,0,0,0,0,0,0,0,0,0,0,0
Fall,Conch,October,13,2023,10,16,1.85,3,75,0,0,0,0,10,0,0,0,0,0,2,0,0,3,0,0,0,0,0,0,0,0,0,0,20,0,0,0,0,110,0,0,0,0,0,0,0,0,0,0,0,0,0,0,0,0,0
Fall,Conch,October,13,2023,11,12,1.19,4,90,0,0,3,0,10,0,0,0,0,0,0,0,0,0,0,0,0,0,0,5,0,0,0,0,10,0,0,0,0,118,0,0,0,0,0,0,0,0,0,0,0,0,0,0,0,0,0
Fall,Conch,October,13,2023,12,9,1.39,3,100,0,0,0,0,2,0,0,0,0,1,0,0,0,0,0,0,0,0,0,0,0,0,0,0,0,0,0,0,0,103,0,0,0,0,0,0,0,0,0,0,0,0,0,0,0,0,0
Fall,Conch,October,13,2023,13,5,1.72,2,90,0,0,0,0,1,0,3,0,0,0,5,0,5,0,0,0,0,0,0,0,0,0,0,0,0,0,0,0,0,104,0,0,0,0,2,0,0,0,0,1,0,0,0,0,1,0,1
Fall,Conch,October,13,2023,14,9,1.16,4,80,10,0,0,0,10,0,0,0,0,0,5,0,0,0,0,0,0,0,0,0,0,0,0,0,0,0,0,0,0,105,0,0,0,0,0,0,0,0,0,0,0,0,0,0,0,0,0
Fall,Conch,October,13,2023,15,14,1.52,3,95,3,2,0,0,5,0,0,0,0,0,0,0,0,1,0,0,0,0,0,0,0,0,0,0,1,0,0,0,0,107,0,0,0,0,0,0,0,0,0,0,0,0,0,0,0,0,0
Fall,Conch,October,13,2023,16,10,1.11,2,10,5,0,0,0,1,0,0,0,0,0,0,0,0,0,0,0,0,0,0,0,0,0,0,0,0,0,90,0,0,106,0,5,0,0,0,0,0,0,0,1,1,0,0,0,0,0,1
Fall,Conch,October,13,2023,17,12,1.56,2,80,3,0,0,0,5,0,5,0,0,0,10,0,0,0,0,0,0,0,0,0,0,0,0,0,0,0,5,0,0,108,0,15,0,0,0,0,0,0,0,0,0,0,0,0,0,0,0
Fall,Conch,October,13,2023,18,5,1.06,2,90,5,0,0,0,2,0,1,0,0,0,0,0,0,0,0,0,0,0,0,0,0,0,0,0,5,0,0,0,0,103,0,0,0,0,0,0,0,0,0,0,0,0,0,0,0,0,0
Fall,Conch,October,13,2023,19,1,1.19,1,70,3,2,0,0,5,0,10,0,0,0,5,0,0,0,0,0,0,3,0,0,0,0,0,0,0,0,3,0,0,101,0,0,0,0,0,0,0,0,0,0,0,0,0,0,0,0,0
Fall,Conch,October,13,2023,20,2,1.22,2,60,7,0,10,0,5,0,0,0,0,0,3,0,0,15,0,0,0,0,0,1,0,0,0,0,10,0,0,0,0,111,0,0,0,0,0,0,0,0,0,1,0,0,0,0,1,0,1
Fall,Conch,October,13,2023,21,28,1.67,3,85,0,0,0,0,1,0,0,0,0,0,5,0,0,5,0,5,0,0,0,0,0,1,0,0,0,0,0,0,0,102,0,0,0,0,0,0,0,0,0,0,0,0,0,0,0,0,0
Fall,Conch,October,13,2023,22,35,2,1,65,5,10,0,0,5,0,0,0,0,0,0,0,0,0,0,0,0,0,0,10,0,0,0,0,5,0,0,0,0,100,3,0,0,0,0,0,0,0,0,1,0,1,0,0,0,0,1
Fall,Conch,October,13,2023,23,24,1.14,1,50,5,10,0,0,5,0,5,0,0,0,0,0,5,0,2,10,0,0,0,0,0,15,0,0,0,0,0,0,0,107,5,5,0,0,0,0,0,0,0,2,2,0,0,0,0,0,1
Fall,Conch,October,13,2023,24,18,2,3,95,0,5,0,0,5,0,0,0,0,0,0,0,0,0,0,0,0,0,0,3,0,0,0,0,0,0,0,5,0,113,0,0,0,0,0,0,0,0,0,0,0,0,0,0,0,0,0
Fall,Conch,October,13,2023,25,28,1.28,1.5,80,0,0,0,0,5,0,NA,0,0,0,15,0,0,1,0,0,0,0,0,5,0,3,0,0,0,0,0,0,0,109,0,0,0,0,0,0,0,0,0,0,0,0,0,0,0,0,0
Fall,Carysfort,October,14,2023,1,5,1.11,0.5,50,20,0,0,0,2,0,0,0,0,0,0,0,0,0,0,0,0,0,0,0,0,0,0,0,0,0,0,0,0,72,0,0,0,0,0,0,0,0,0,0,0,0,0,0,0,0,0
Fall,Carysfort,October,14,2023,2,2,1.61,1,60,40,0,0,0,10,0,0,0,0,0,0,0,0,0,0,0,0,0,0,0,0,0,0,0,0,0,0,0,0,110,0,0,0,0,0,0,0,0,0,0,0,0,0,0,0,0,0
Fall,Carysfort,October,14,2023,3,15,1.25,1,30,20,0,0,0,0,0,0,0,0,0,0,0,0,0,0,0,0,0,0,0,0,0,0,0,0,0,0,0,0,50,0,0,0,0,0,0,0,0,0,1,0,1,0,0,0,0,1
Fall,Carysfort,October,14,2023,4,2,1.22,0.5,20,80,0,0,0,15,0,0,0,0,0,0,0,0,0,0,0,0,0,0,0,0,0,0,0,0,0,0,0,0,115,0,0,0,0,0,0,0,0,0,1,0,1,0,0,0,0,1
Fall,Carysfort,October,14,2023,5,0,1.19,0.5,15,30,0,0,0,20,0,0,0,0,0,0,0,0,0,0,0,0,0,0,0,0,0,0,0,0,0,0,0,0,65,0,0,0,0,0,0,0,0,0,0,0,0,0,0,0,0,0
Fall,Carysfort,October,14,2023,6,5,1.11,0.5,75,2,2,0,0,10,0,0,0,0,5,5,0,0,0,0,0,0,0,0,0,0,0,0,0,3,0,0,NA,0,102,0,0,0,0,0,0,0,0,0,0,0,0,0,0,0,0,0
Fall,Carysfort,October,14,2023,7,9,1.19,1,65,15,5,0,0,5,0,0,0,0,0,0,0,0,0,0,0,0,0,0,0,0,5,0,0,5,0,0,2,0,102,0,0,0,0,0,0,0,0,0,0,0,0,0,0,0,0,0
Fall,Carysfort,October,14,2023,8,12,1.19,1,60,5,5,0,0,15,0,5,0,0,5,0,0,0,1,0,0,0,0,0,0,0,0,0,0,5,0,3,0,0,104,1,0,0,0,0,0,0,0,0,1,0,1,0,0,0,0,1
Fall,Carysfort,October,14,2023,9,2,1.22,0.5,55,5,5,0,0,15,0,1,0,0,3,5,0,0,0,0,0,0,0,0,0,0,0,0,0,10,0,5,0,0,104,5,0,0,0,0,0,0,0,0,1,0,1,0,0,0,0,1
Fall,Carysfort,October,14,2023,10,8,1.09,0.8,5,75,5,0,0,5,0,5,0,0,0,3,0,0,0,0,0,0,0,0,0,0,0,0,0,5,0,5,1,0,109,0,0,0,0,5,0,0,0,0,1,0,0,0,0,1,0,1
Fall,Carysfort,October,14,2023,11,4,1.09,0.5,25,5,30,0,0,15,0,2,0,0,0,0,0,10,0,0,0,0,0,0,0,0,0,0,0,20,0,0,0,0,107,0,0,0,0,0,0,0,0,0,0,0,0,0,0,0,0,0
Fall,Carysfort,October,14,2023,12,6,1.11,1,65,5,5,0,0,5,0,0,1,0,1,0,0,0,0,0,0,0,0,0,0,0,0,0,0,3,0,15,2,0,102,0,25,0,0,0,0,0,0,0,0,0,0,0,0,0,0,0
Fall,Carysfort,October,14,2023,13,11,1.16,0.5,25,NA,20,NA,NA,25,NA,NA,NA,NA,NA,NA,NA,NA,NA,NA,NA,NA,NA,NA,NA,NA,NA,NA,NA,NA,NA,NA,NA,NA,70,0,0,0,0,0,0,0,0,0,1,0,1,0,0,0,0,1
Fall,Carysfort,October,14,2023,14,6,1.25,0.5,40,17,5,0,0,15,0,1,0,0,2,0,0,0,0,0,0,0,0,0,0,0,0,3,0,0,0,0,0,0,83,0,0,0,0,0,0,0,0,0,0,0,0,0,0,0,0,0
Fall,Carysfort,October,14,2023,15,9,1.14,0.5,5,55,0,10,0,3,0,25,5,0,0,1,0,0,0,0,0,0,0,0,0,0,0,0,0,0,0,0,0,0,104,0,0,0,0,0,0,0,0,0,0,0,0,0,0,0,0,0
Fall,Carysfort,October,14,2023,16,1,1.14,0.5,10,25,35,0,0,8,0,5,0,1,0,8,0,0,1,0,1,0,0,0,0,0,0,0,0,0,0,0,0,1,95,0,0,0,0,1,0,0,0,0,1,0,0,0,0,1,0,1
Fall,Carysfort,October,14,2023,17,17,1.39,0.5,5,10,5,0,0,10,0,5,1,0,5,0,0,0,0,0,0,0,0,0,0,0,1,0,0,60,0,1,0,0,103,5,5,0,0,5,0,0,0,0,0,0,0,0,0,0,0,0
Fall,Carysfort,October,14,2023,18,18,1.39,0.5,40,25,0,0,0,15,0,0,0,0,5,0,0,0,0,0,0,0,0,0,0,0,0,0,0,0,0,0,0,0,85,0,0,0,0,0,0,0,0,0,0,0,0,0,0,0,0,0
Fall,Carysfort,October,14,2023,19,3,1.09,0.5,25,5,0,0,0,10,0,0,1,0,1,8,0,0,0,0,0,0,0,0,0,0,0,0,0,0,0,0,0,0,50,0,0,0,0,0,0,0,0,0,0,0,0,0,0,0,0,0
Fall,Carysfort,October,14,2023,20,9,1.14,0.8,50,5,20,0,0,8,0,0,0,0,0,4,0,0,0,0,0,0,0,0,0,0,0,0,0,13,0,0,0,0,100,1,0,0,0,0,0,0,0,0,1,0,1,0,0,0,0,1
Fall,Carysfort,October,14,2023,21,1,1.16,1,45,15,0,0,0,8,0,0,0,15,4,0,0,0,0,0,0,0,0,0,0,0,4,0,0,10,0,0,0,0,101,0,0,0,0,0,0,0,0,0,0,0,0,0,0,0,0,0
Fall,Carysfort,October,14,2023,22,6,1.61,NA,0,23,20,0,0,5,0,0,0,0,0,3,0,0,0,0,0,0,0,0,0,0,2,0,0,10,0,0,0,0,63,0,0,0,70,0,0,0,0,0,0,0,0,0,0,0,0,0
Fall,Carysfort,October,14,2023,23,1,1.85,0.5,30,30,15,0,0,0,0,0,0,0,0,0,0,0,0,0,0,0,0,0,0,0,1,0,0,20,0,0,0,0,96,0,0,0,0,0,0,0,0,0,0,0,0,0,0,0,0,0
Fall,Carysfort,October,14,2023,24,5,1.11,0.8,10,80,15,0,0,5,0,0,0,0,0,0,0,0,0,0,0,0,0,0,0,0,0,0,0,5,0,0,0,0,115,0,0,0,0,0,0,0,0,0,0,0,0,0,0,0,0,0
Fall,Carysfort,October,14,2023,25,9,1.43,0.5,50,15,20,0,0,2,0,3,0,0,0,0,0,0,0,0,0,0,0,0,0,0,0,0,0,15,0,1,0,0,106,0,0,0,0,0,0,0,0,0,0,0,0,0,0,0,0,0
Winter,Fort Lauderdale,January,19,2024,1,10,1.52,0.5,5,3,70,0,0,10,0,7,0,0,5,0,0,0,0,0,0,0,0,0,0,0,0,0,0,0,0,0,0,0,100,0,0,0,0,0,0,0,0,0,0,0,0,0,0,0,0,0
Winter,Fort Lauderdale,January,19,2024,2,2,1.25,0.5,5,0,40,0,0,20,0,0,20,0,10,5,0,0,0,0,0,0,0,0,0,0,0,0,0,0,0,0,0,0,100,0,0,0,0,0,0,0,0,0,0,0,0,0,0,0,0,0
Winter,Fort Lauderdale,January,19,2024,3,11,1.35,0.5,3,10,7,0,0,20,0,0,25,0,5,15,0,0,10,0,0,0,0,0,0,0,0,0,0,0,0,0,0,0,95,0,0,0,0,0,0,0,0,0,0,0,0,0,0,0,0,0
Winter,Fort Lauderdale,January,19,2024,4,6,1.25,0.5,1,10,90,0,0,10,0,0,0,0,0,0,0,0,0,0,0,0,0,0,0,0,0,0,0,0,0,0,0,0,111,NA,0,0,0,0,0,0,0,0,0,0,0,0,0,0,0,0
Winter,Fort Lauderdale,January,19,2024,5,20,1.25,0.5,1,5,50,0,0,17,0,5,15,0,0,6,0,0,0,0,0,0,0,0,1,0,0,0,0,0,0,0,0,0,100,0,15,0,0,0,0,0,0,0,0,0,0,0,0,0,0,0
Winter,Fort Lauderdale,January,19,2024,6,2,1.16,0.5,1,7,45,0,0,23,0,7,7,0,0,4,0,0,0,0,0,0,0,0,0,0,6,0,0,0,0,0,0,0,100,0,0,0,0,0,0,0,0,0,0,0,0,0,0,0,0,0
Winter,Fort Lauderdale,January,19,2024,7,26,1.19,0.5,3,3,60,0,2,15,0,2,3,0,0,6,0,3,0,0,0,0,0,0,0,0,3,0,0,0,0,0,0,0,100,0,0,0,0,0,0,0,0,0,0,0,0,0,0,0,0,0
Winter,Fort Lauderdale,January,19,2024,8,5,1.35,0.5,1,5,30,0,0,40,5,15,3,0,3,3,0,3,0,0,0,0,0,0,0,0,0,0,0,0,0,0,0,0,108,8,0,0,0,0,0,0,0,0,0,0,0,0,0,0,0,0
Winter,Fort Lauderdale,January,19,2024,9,24,1.72,0.5,1,0,90,0,0,10,5,0,2,0,0,0,0,0,0,0,0,0,0,0,0,0,0,0,0,0,0,0,0,0,108,0,0,0,0,0,0,0,0,0,0,0,0,0,0,0,0,0
Winter,Fort Lauderdale,January,19,2024,10,35,1.67,0.5,1,3,60,0,0,20,0,5,3,0,3,1,0,0,0,0,10,0,0,0,0,0,0,0,0,0,0,0,0,0,106,0,0,0,0,0,0,0,0,0,0,0,0,0,0,0,0,0
Winter,Fort Lauderdale,January,19,2024,11,1,1.22,0.5,1,3,70,0,0,10,0,0,30,0,0,5,0,0,0,0,0,0,0,0,1,0,0,0,0,0,0,0,0,0,120,7,0,0,0,0,0,0,0,0,0,0,0,0,0,0,0,0
Winter,Fort Lauderdale,January,19,2024,12,10,2.5,0.5,1,1,90,0,0,15,0,10,30,0,10,0,0,0,0,0,0,0,0,0,0,0,0,0,0,0,0,0,0,0,157,0,0,0,0,0,0,0,0,0,0,0,0,0,0,0,0,0
Winter,Fort Lauderdale,January,19,2024,13,35,1.67,0.5,1,15,60,0,0,25,0,4,0,0,0,5,0,0,0,0,0,0,0,0,0,0,0,0,0,0,0,0,0,0,110,0,0,0,0,0,0,0,0,0,0,0,0,0,0,0,0,0
Winter,Fort Lauderdale,January,19,2024,14,9,1.25,0.5,1,1,20,0,0,3,1,2,0,0,0,5,0,62,0,0,5,0,0,0,0,0,0,0,0,0,0,0,0,0,100,0,0,0,0,0,0,0,0,0,0,0,0,0,0,0,0,0
Winter,Fort Lauderdale,January,19,2024,15,35,1.25,0.5,1,10,50,0,0,16,0,0,6,0,0,7,0,5,0,0,5,0,0,0,0,0,0,0,0,0,0,0,0,0,100,0,0,0,0,0,0,0,0,0,0,0,0,0,0,0,0,0
Winter,Fort Lauderdale,January,19,2024,16,5,1.04,0.5,1,0,70,0,0,15,0,10,15,0,1,3,0,0,0,0,0,0,0,0,0,0,0,0,0,0,0,0,0,0,115,0,0,0,0,0,0,0,0,0,0,0,0,0,0,0,0,0
Winter,Fort Lauderdale,January,19,2024,17,50,1.85,0.5,1,5,60,0,0,25,0,5,2,0,0,0,2,0,0,0,0,0,0,0,0,0,0,0,0,0,0,0,0,0,100,15,0,0,0,0,0,0,0,0,0,0,0,0,0,0,0,0
Winter,Fort Lauderdale,January,19,2024,18,10,1.19,0.5,2,0,90,0,0,5,0,1,2,0,0,0,1,0,0,7,0,0,0,0,1,0,0,0,0,0,0,0,0,0,109,0,0,0,0,0,0,0,0,0,0,0,0,0,0,0,0,0
Winter,Fort Lauderdale,January,19,2024,19,20,1.04,0.5,0,3,60,0,0,15,0,3,10,0,0,3,0,0,0,0,0,0,3,0,3,0,0,0,0,0,0,0,0,0,100,7,0,0,0,0,0,0,0,0,0,0,0,0,0,0,0,0
Winter,Fort Lauderdale,January,19,2024,20,15,1.25,0.5,0,12,54,0,0,23,0,0,11,0,0,0,0,0,0,0,0,0,0,0,0,0,0,0,0,0,0,0,0,0,100,0,3,0,0,0,0,0,0,0,1,1,0,0,0,0,0,1
Winter,Fort Lauderdale,January,19,2024,21,30,1.43,0.5,16,17,30,0,0,17,0,8,0,0,0,6,0,0,0,0,0,0,0,0,0,0,0,0,0,0,0,6,0,0,100,0,0,0,0,0,0,0,0,0,0,0,0,0,0,0,0,0
Winter,Fort Lauderdale,January,19,2024,22,39,1.67,0.5,3,2,60,0,0,25,0,0,0,0,0,3,0,10,0,0,0,0,0,0,0,0,0,0,0,0,0,0,0,0,103,0,4,0,0,0,0,0,0,0,1,1,0,0,0,0,0,1
Winter,Fort Lauderdale,January,19,2024,23,32,1.67,1,5,20,55,0,0,15,0,0,0,0,0,6,0,0,0,0,0,0,0,0,0,0,0,0,0,0,0,0,0,0,101,0,0,0,0,0,0,0,0,0,0,0,0,0,0,0,0,0
Winter,Fort Lauderdale,January,19,2024,24,37,1.85,0.5,3,10,70,0,0,10,0,0,0,0,2,0,1,0,0,0,0,0,0,0,1,0,0,0,0,0,0,5,0,0,102,0,0,0,0,0,0,0,0,0,1,1,0,0,0,0,0,1
Winter,Fort Lauderdale,January,19,2024,25,15,1.67,0.5,0,1,80,0,0,6,0,7,0,0,0,6,0,0,0,0,0,0,0,0,0,0,0,0,0,0,0,0,0,0,100,0,0,0,0,0,0,0,0,0,0,0,0,0,0,0,0,0
Winter,Dania Beach,February,13,2024,1,5,1.43,4,80,10,15,0,0,7,0,0,3,0,0,0,0,0,0,0,0,0,15,0,0,0,0,0,0,0,0,0,0,0,130,0,5,0,0,0,0,0,0,0,4,4,0,0,0,0,0,1
Winter,Dania Beach,February,13,2024,2,7,1.39,4,40,1,10,0,0,5,0,5,5,0,5,5,0,0,5,0,0,0,20,0,0,5,0,0,0,0,0,10,0,0,116,0,5,0,0,0,0,0,0,0,0,0,0,0,0,0,0,0
Winter,Dania Beach,February,13,2024,3,2,1.25,2,70,0,0,0,0,2,0,0,0,0,10,0,0,15,0,0,0,0,7,0,0,0,0,0,0,0,0,0,0,0,104,10,0,0,0,0,0,0,0,0,0,0,0,0,0,0,0,0
Winter,Dania Beach,February,13,2024,4,6,1.39,3,80,2,0,0,0,5,0,3,0,0,5,0,0,4,3,0,0,0,15,5,0,0,0,0,0,0,0,5,0,0,127,0,0,0,0,0,0,0,0,0,0,0,0,0,0,0,0,0
Winter,Dania Beach,February,13,2024,5,1,1.11,2,60,10,5,0,0,7,0,5,1,0,0,0,0,0,3,0,0,20,0,0,0,0,0,0,0,0,0,0,0,0,111,5,0,0,0,0,0,0,0,0,1,0,1,0,0,0,0,1
Winter,Dania Beach,February,13,2024,6,5,1.22,3,30,1,5,0,0,15,0,7,5,0,10,0,0,0,0,0,0,5,0,7,0,5,0,0,0,0,0,10,0,0,100,0,0,0,0,0,0,0,0,0,0,0,0,0,0,0,0,0
Winter,Dania Beach,February,13,2024,7,1,1.16,4,95,0,0,0,0,0,0,0,0,0,5,0,0,0,5,0,0,0,0,0,0,0,0,0,0,0,0,0,0,0,105,0,0,0,0,0,0,0,0,0,0,0,0,0,0,0,0,0
Winter,Dania Beach,February,13,2024,8,9,1.47,4,50,10,3,0,0,10,0,0,15,0,0,0,0,0,0,0,0,0,0,0,0,0,0,0,0,0,0,15,0,0,103,0,0,0,0,0,0,0,0,0,0,0,0,0,0,0,0,0
Winter,Dania Beach,February,13,2024,9,7,1.25,6,95,0,0,0,0,0,0,0,5,0,0,0,0,0,0,0,0,0,0,0,0,0,0,0,0,0,0,5,0,0,105,0,0,0,0,0,0,0,0,0,0,0,0,0,0,0,0,0
Winter,Dania Beach,February,13,2024,10,2,1.85,3,25,5,0,0,0,5,0,10,5,0,0,0,0,0,0,0,0,0,5,10,0,0,0,0,0,0,0,25,0,10,100,0,7,0,0,0,0,0,0,0,0,0,0,0,0,0,0,0
Winter,Dania Beach,February,13,2024,11,3,1.28,3,2,3,0,0,0,3,0,0,0,0,0,0,0,95,0,0,0,0,0,0,0,0,0,0,0,0,0,5,0,0,108,0,0,0,0,0,0,0,0,0,0,0,0,0,0,0,0,0
Winter,Dania Beach,February,13,2024,12,1,1.16,2,70,5,0,0,0,10,0,0,1,0,10,5,0,15,1,0,0,0,0,5,0,0,0,0,0,0,0,0,0,0,122,5,0,0,0,0,0,0,0,0,0,0,0,0,0,0,0,0
Winter,Dania Beach,February,13,2024,13,18,1.22,4,100,0,0,0,0,0,0,5,0,0,0,0,0,0,0,0,0,0,0,0,0,0,0,0,0,0,0,0,0,0,105,0,0,0,0,0,0,0,0,0,0,0,0,0,0,0,0,0
Winter,Dania Beach,February,13,2024,14,2,1.14,2,40,2,0,0,0,3,0,6,5,0,3,0,0,0,10,30,0,0,0,0,0,0,0,0,0,0,0,2,0,0,101,0,0,0,0,0,0,0,0,0,0,0,0,0,0,0,0,0
Winter,Dania Beach,February,13,2024,15,10,1.14,2,80,5,0,0,0,2,9,0,2,0,5,0,0,0,0,0,0,0,3,0,0,0,0,0,0,0,0,0,0,0,106,4,0,0,0,0,0,0,0,0,0,0,0,0,0,0,0,0
Winter,Dania Beach,February,13,2024,16,0,1.43,1,35,10,0,0,0,15,0,2,10,0,10,0,0,2,0,0,0,0,11,0,5,0,0,0,0,0,0,0,0,0,100,0,3,0,0,0,0,0,0,0,1,1,0,0,0,0,0,1
Winter,Dania Beach,February,13,2024,17,6,1.43,1,50,8,5,0,0,5,0,15,0,0,1,0,0,0,6,0,0,0,0,0,0,0,0,0,0,0,0,0,0,0,90,10,0,0,0,0,0,0,0,0,0,0,0,0,0,0,0,0
Winter,Dania Beach,February,13,2024,18,11,1.35,3,70,5,1,0,0,3,0,4,0,0,1,4,0,1,0,6,5,0,0,0,0,0,0,0,0,0,0,0,0,0,100,0,0,0,0,0,0,0,0,0,0,0,0,0,0,0,0,0
Winter,Dania Beach,February,13,2024,19,3,1.04,1,70,0,0,0,0,0,0,2,0,0,0,5,3,0,0,0,0,0,0,0,0,0,0,0,0,0,0,0,0,0,80,15,4,0,5,0,0,0,0,0,0,0,0,0,0,0,0,0
Winter,Dania Beach,February,13,2024,20,9,1.22,2,80,0,0,0,0,1,0,5,3,0,0,3,0,15,0,0,0,0,1,0,0,0,0,0,0,0,0,0,3,0,111,0,0,0,0,0,0,0,0,0,1,0,0,1,0,0,0,1
Winter,Dania Beach,February,13,2024,21,5,1.67,2,35,10,0,0,0,3,0,8,6,0,6,0,0,0,0,0,30,0,0,0,0,0,1,0,0,0,0,0,0,0,99,5,0,0,0,0,0,0,0,0,0,0,0,0,0,0,0,0
Winter,Dania Beach,February,13,2024,22,18,1.67,2,55,4,0,0,0,0,0,1,10,0,22,5,0,0,3,0,0,0,0,0,0,0,0,0,0,0,0,0,0,0,100,0,0,0,0,0,0,0,0,0,0,0,0,0,0,0,0,0
Winter,Dania Beach,February,13,2024,24,20,1.22,NA,0,4,0,0,0,0,0,5,0,0,0,0,0,81,0,0,0,0,0,0,10,0,0,0,0,0,0,0,0,0,100,10,0,0,0,0,0,0,0,0,0,0,0,0,0,0,0,0
Winter,Dania Beach,February,13,2024,25,7,1.43,4,85,6,6,0,0,0,0,3,0,0,0,0,0,0,0,0,0,0,0,0,0,0,0,0,0,0,0,0,0,0,100,0,0,0,0,0,0,0,0,0,0,0,0,0,0,0,0,0
Winter,Emerald,February,2,2024,1,10,1.52,3,90,5,0,0,0,0,0,0,5,0,0,0,0,0,0,1,0,0,0,0,0,0,0,0,0,0,0,0,0,0,101,0,7,0,0,0,0,0,0,0,1,1,0,0,0,0,0,1
Winter,Emerald,February,2,2024,2,2,1.25,2,80,10,0,0,0,0,0,0,5,0,0,0,0,0,3,0,0,0,0,3,0,0,0,0,0,0,0,0,0,0,101,10,0,0,0,0,0,0,0,0,3,1,2,0,0,0,0,1
Winter,Emerald,February,2,2024,3,11,1.35,2,80,5,0,0,0,0,0,5,7,0,0,0,0,5,10,0,0,0,0,0,0,0,0,0,0,0,0,0,0,0,112,0,10,0,0,0,0,0,0,0,0,0,0,0,0,0,0,0
Winter,Emerald,February,2,2024,4,6,1.25,1,80,15,0,0,0,3,0,10,5,0,0,0,0,0,5,0,2,0,0,0,0,0,0,0,0,0,0,0,0,0,120,0,0,0,0,0,0,0,0,0,0,0,0,0,0,0,0,0
Winter,Emerald,February,2,2024,5,20,1.25,3,80,0,10,0,0,0,0,0,3,0,0,0,0,4,0,0,0,5,0,2,0,0,0,0,0,0,0,0,0,0,104,0,0,0,0,0,0,0,0,0,0,0,0,0,0,0,0,0
Winter,Emerald,February,2,2024,6,2,1.16,1,80,0,0,0,0,0,0,0,10,0,0,10,0,0,0,0,0,0,5,10,0,0,0,0,0,0,0,0,0,0,115,0,0,0,0,0,0,0,0,0,0,0,0,0,0,0,0,0
Winter,Emerald,February,2,2024,7,26,1.19,2,75,5,0,0,0,3,0,0,2,0,0,0,0,5,10,0,0,0,0,0,0,0,0,0,0,0,0,20,0,0,120,0,15,0,0,0,0,0,0,0,0,0,0,0,0,0,0,0
Winter,Emerald,February,2,2024,8,5,1.35,2,60,0,0,0,0,0,0,20,10,0,0,2,0,0,25,0,0,0,0,0,0,2,0,0,0,0,0,0,0,0,119,0,0,0,0,0,0,0,0,0,0,0,0,0,0,0,0,0
Winter,Emerald,February,2,2024,9,24,1.72,2,85,0,2,0,0,0,0,0,2,0,0,3,0,0,2,0,0,0,5,0,0,0,0,0,0,0,0,0,0,0,99,0,0,0,0,0,0,0,0,0,0,0,0,0,0,0,0,0
Winter,Emerald,February,2,2024,10,35,1.67,3,85,5,0,0,0,5,0,0,5,0,0,20,0,0,5,0,0,10,3,0,0,0,0,0,0,0,0,0,0,0,138,5,0,0,0,0,0,0,0,0,3,2,0,1,0,0,0,1
Winter,Emerald,February,2,2024,11,1,1.22,2,70,0,0,0,0,10,0,0,5,0,3,3,0,0,0,0,0,0,0,0,0,0,0,0,0,0,0,20,0,0,111,4,0,0,0,0,0,0,0,0,0,0,0,0,0,0,0,0
Winter,Emerald,February,2,2024,12,10,2.5,0.5,55,10,0,0,0,0,0,20,10,0,0,0,0,0,5,0,15,2,0,0,0,0,0,0,0,0,0,15,0,0,132,0,0,0,0,15,0,0,0,0,0,0,0,0,0,0,0,0
Winter,Emerald,February,2,2024,13,35,1.67,0.5,8,5,0,0,0,0,0,15,0,0,0,3,0,0,0,0,25,0,0,0,0,0,0,0,0,0,0,45,0,0,101,0,0,0,0,0,0,0,0,0,0,0,0,0,0,0,0,0
Winter,Emerald,February,2,2024,14,9,1.25,2,60,5,0,0,0,0,0,0,5,0,0,5,0,0,0,0,15,0,0,0,0,0,1,0,0,0,0,25,0,0,116,0,0,0,0,0,0,0,0,0,0,0,0,0,0,0,0,0
Winter,Emerald,February,2,2024,15,35,1.25,1.5,60,0,0,0,0,0,0,1,15,0,0,0,0,0,0,0,0,0,0,0,0,0,0,0,0,0,0,25,0,0,101,25,0,0,0,0,0,0,0,0,2,1,1,0,0,0,0,1
Winter,Emerald,February,2,2024,16,5,1.04,2,80,0,0,0,0,1,0,0,0,0,0,5,0,0,0,0,5,0,0,0,0,0,0,0,0,0,0,10,0,0,101,0,0,0,0,0,0,10,0,0,0,0,0,0,0,0,0,0
Winter,Emerald,February,2,2024,17,50,1.85,4,50,1,0,0,0,0,0,0,3,0,0,0,0,0,0,0,0,0,0,0,0,0,0,0,0,0,0,50,0,0,104,0,0,0,0,0,0,0,0,0,0,0,0,0,0,0,0,0
Winter,Emerald,February,2,2024,18,10,1.19,2,40,0,0,0,0,1,0,5,5,0,0,2,0,0,0,0,0,0,0,0,0,0,0,0,0,0,0,60,0,0,113,0,0,0,0,0,0,0,0,0,0,0,0,0,0,0,0,0
Winter,Emerald,February,2,2024,19,20,1.04,2,47,0,0,0,0,2,0,3,0,0,6,0,0,0,0,0,5,0,0,0,0,0,0,0,0,0,0,37,0,0,100,5,0,0,0,0,0,0,0,0,0,0,0,0,0,0,0,0
Winter,Emerald,February,2,2024,20,15,1.25,4,90,0,0,0,0,0,0,0,0,0,0,0,0,0,0,0,0,0,1,0,0,0,0,0,0,0,0,0,0,0,91,0,1.5,0,0,0,0,0,0,0,1,1,0,0,0,0,0,1
Winter,Emerald,February,2,2024,21,30,1.43,3,85,3,0,0,0,2,0,0,5,0,0,3,0,0,0,0,0,0,0,0,0,0,0,0,0,0,0,10,0,0,108,0,0,0,0,0,0,0,0,0,0,0,0,0,0,0,0,0
Winter,Emerald,February,2,2024,22,39,1.67,2,90,0,0,0,0,0,0,0,10,0,0,1,0,0,0,0,0,0,1,0,0,0,7,0,0,0,0,0,0,0,109,0,0,0,0,0,0,0,0,0,0,0,0,0,0,0,0,0
Winter,Emerald,February,2,2024,23,32,1.67,2,90,0,0,0,0,0,0,3,5,0,0,2,0,0,0,0,0,0,0,0,0,0,0,0,0,0,0,0,0,0,100,3,0,0,0,0,0,0,0,0,1,0,1,0,0,0,0,1
Winter,Emerald,February,2,2024,24,37,1.85,4,70,0,0,0,0,0,0,10,0,0,0,4,0,0,0,0,20,0,0,0,0,0,0,0,0,0,0,10,0,0,114,0,2.5,0,0,0,0,0,0,0,1,1,0,0,0,0,0,1
Winter,Emerald,February,2,2024,25,15,1.67,2,60,0,0,0,0,0,0,0,0,0,0,0,0,0,5,0,0,0,0,0,0,0,0,0,0,0,0,40,0,0,105,0,4,0,0,0,0,0,0,0,1,1,0,0,0,0,0,1
Winter,Carysfort,January,30,2024,1,5,1.11,2,65,7,0,0,0,20,0,0,6,0,0,2,0,0,0,0,0,0,0,0,0,0,0,0,0,0,0,0,0,0,100,0,0,0,0,0,0,0,0,0,0,0,0,0,0,0,0,0
Winter,Carysfort,January,30,2024,2,2,1.61,2,55,12,0,0,0,16,0,6,0,0,0,6,0,0,0,0,0,0,0,0,0,0,0,0,0,0,0,6,0,0,101,0,0,0,0,0,0,0,0,0,0,0,0,0,0,0,0,0
Winter,Carysfort,January,30,2024,3,15,1.25,1,55,21,0,0,0,15,0,6,1,0,0,0,0,0,0,0,0,0,0,0,0,0,0,0,0,0,0,5,0,0,103,5,0,0,0,0,0,0,0,0,3,1,2,0,0,0,0,1
Winter,Carysfort,January,30,2024,4,2,1.22,1,25,0,0,0,0,45,0,0,30,0,0,0,0,0,0,0,0,0,0,0,0,0,0,0,0,0,0,0,0,0,100,3,0,0,0,0,0,0,0,0,3,0,3,0,0,0,0,1
Winter,Carysfort,January,30,2024,5,0,1.19,1.5,25,10,0,0,0,44,0,0,20,0,0,1,0,0,0,0,0,0,0,0,0,0,0,0,0,0,0,0,0,0,100,0,0,0,0,0,0,0,0,0,0,0,0,0,0,0,0,0
Winter,Carysfort,January,30,2024,6,5,1.11,1,35,0,15,0,0,35,0,0,8,0,0,7,0,0,0,0,0,0,0,0,0,0,0,0,0,0,0,0,0,0,100,0,0,0,0,0,0,0,0,0,0,0,0,0,0,0,0,0
Winter,Carysfort,January,30,2024,7,9,1.19,1.5,45,25,7,0,0,17,0,0,6,0,0,0,0,0,0,0,0,0,0,0,0,0,0,0,0,0,0,0,0,0,100,0,0,0,0,0,0,0,0,0,0,0,0,0,0,0,0,0
Winter,Carysfort,January,30,2024,8,12,1.19,1.5,41,0,17,0,0,30,0,0,10,0,0,0,0,0,2,0,0,0,0,0,0,0,0,0,0,0,0,0,0,0,100,0,0,0,0,0,0,0,0,0,0,0,0,0,0,0,0,0
Winter,Carysfort,January,30,2024,9,2,1.22,2,45,15,5,0,0,25,0,3,7,0,0,0,0,0,0,0,0,0,0,0,0,0,0,0,0,0,0,0,0,0,100,0,0,0,0,0,0,0,0,0,0,0,0,0,0,0,0,0
Winter,Carysfort,January,30,2024,10,8,1.09,1,25,22,0,0,0,30,0,3,12,0,0,10,0,0,0,0,0,0,0,0,0,0,0,0,0,0,0,0,0,0,102,0,0,0,0,0,0,0,0,0,0,0,0,0,0,0,0,0
Winter,Carysfort,January,30,2024,11,4,1.09,1,5,8,23,0,0,55,0,2,0,0,0,0,0,7,0,0,0,0,0,0,0,0,0,0,0,0,0,0,0,0,100,0,0,0,0,0,0,0,0,0,0,0,0,0,0,0,0,0
Winter,Carysfort,January,30,2024,12,6,1.11,1.5,55,0,0,0,0,13,0,0,7,0,0,0,0,0,0,0,0,0,0,0,0,0,0,0,0,0,0,0,0,0,75,0,25,0,0,0,0,0,0,0,0,0,0,0,0,0,0,0
Winter,Carysfort,January,30,2024,13,11,1.16,1,50,5,0,0,0,25,0,2,7,0,0,3,0,0,3,0,0,0,0,0,0,0,0,0,0,0,0,5,0,0,100,0,0,0,0,0,0,0,0,0,0,0,0,0,0,0,0,0
Winter,Carysfort,January,30,2024,14,6,1.25,1,70,15,0,0,0,25,0,0,5,0,3,0,0,0,0,0,0,0,0,0,0,1,0,0,0,0,0,0,0,0,119,0,0,0,0,0,0,0,0,0,0,0,0,0,0,0,0,0
Winter,Carysfort,January,30,2024,15,9,1.14,2,30,5,0,0,0,35,0,20,7,2,5,10,0,0,0,0,0,0,0,0,0,0,0,0,0,0,0,0,0,0,114,0,0,0,0,0,0,0,0,0,0,0,0,0,0,0,0,0
Winter,Carysfort,January,30,2024,16,1,1.14,1.5,35,1,5,0,2,25,0,5,15,0,0,3,0,0,5,0,0,0,0,0,0,3,2,0,0,0,0,0,0,0,101,0,0,0,0,0,0,0,0,0,0,0,0,0,0,0,0,0
Winter,Carysfort,January,30,2024,17,17,1.39,1,20,10,0,0,0,20,0,10,1,0,3,2,0,0,3,0,0,0,0,0,0,0,5,0,0,0,0,15,0,0,89,5,5,0,0,0,0,0,0,0,0,0,0,0,0,0,0,0
Winter,Carysfort,January,30,2024,18,18,1.39,1,75,0,0,0,0,15,0,0,5,0,0,10,0,0,0,0,0,0,0,0,0,0,0,1,0,0,0,0,0,0,106,0,0,0,0,0,0,0,0,0,0,0,0,0,0,0,0,0
Winter,Carysfort,January,30,2024,19,3,1.09,1,40,10,5,0,0,20,0,5,7,0,0,10,0,0,3,0,0,0,0,0,0,0,0,0,0,0,0,0,0,0,100,0,0,0,0,0,0,0,0,0,0,0,0,0,0,0,0,0
Winter,Carysfort,January,30,2024,20,9,1.14,1.5,75,1,5,0,0,15,0,5,5,0,0,3,0,0,3,0,0,0,0,0,0,0,3,0,0,0,0,0,0,0,115,0,0,0,0,0,0,0,0,0,0,0,0,0,0,0,0,0
Winter,Carysfort,January,30,2024,21,1,1.16,2,70,5,0,0,0,15,0,0,3,0,0,5,0,2,0,0,0,0,0,0,0,0,0,0,0,0,0,0,0,0,100,0,0,0,0,0,0,0,0,0,0,0,0,0,0,0,0,0
Winter,Carysfort,January,30,2024,22,6,1.61,NA,0,0,0,0,0,10,0,10,10,0,0,5,0,0,5,0,0,0,0,0,0,0,5,0,0,0,0,15,0,0,60,0,0,0,40,0,0,0,0,0,0,0,0,0,0,0,0,0
Winter,Carysfort,January,30,2024,23,1,1.85,2,50,10,0,0,0,20,0,5,4,0,0,3,0,0,0,0,0,0,0,0,0,0,3,5,0,0,0,0,0,0,100,0,0,0,0,0,0,0,0,0,0,0,0,0,0,0,0,0
Winter,Carysfort,January,30,2024,24,5,1.11,0.5,15,5,20,0,0,35,0,0,5,0,0,0,0,0,15,0,0,0,0,0,0,5,0,0,0,0,0,0,0,0,100,0,0,0,0,0,0,0,0,0,0,0,0,0,0,0,0,0
Winter,Carysfort,January,30,2024,25,9,1.43,2,70,5,0,0,0,10,0,5,3,0,0,0,0,0,5,0,0,0,0,0,0,0,0,0,0,0,0,3,0,0,101,0,0,0,0,0,0,0,0,0,0,0,0,0,0,0,0,0
Winter,Conch,January,31,2024,1,22,1.43,5,90,0,0,0,0,10,0,0,0,0,0,1,0,0,0,0,0,0,0,0,0,0,0,1,0,0,0,0,0,0,102,0,0,0,0,0,0,0,0,0,0,0,0,0,0,0,0,0
Winter,Conch,January,31,2024,2,4,1.11,6,90,0,0,0,0,10,0,0,0,0,0,1,0,0,0,0,0,0,0,0,0,0,0,0,0,0,0,0,0,0,101,0,0,0,0,0,0,0,0,0,0,0,0,0,0,0,0,0
Winter,Conch,January,31,2024,3,7,1.35,6,90,0,0,0,0,15,0,0,0,0,0,0,0,0,0,0,0,0,0,0,0,0,0,0,0,0,0,0,0,0,105,0,2,0,0,0,0,0,0,0,1,1,0,0,0,0,0,1
Winter,Conch,January,31,2024,4,3,1.16,6,70,3,0,0,0,8,0,0,0,0,0,3,1,0,0,0,0,0,0,0,0,0,0,15,0,0,0,0,0,0,100,0,0,0,0,0,0,0,0,0,0,0,0,0,0,0,0,0
Winter,Conch,January,31,2024,5,11,1.35,7,80,0,0,0,0,11,0,0,0,0,0,3,1,0,0,0,0,0,0,0,0,0,0,5,0,0,0,0,0,0,100,0,0,0,0,0,0,0,0,0,0,0,0,0,0,0,0,0
Winter,Conch,January,31,2024,6,2,1.25,5,65,5,0,0,0,15,0,0,1,0,0,1,0,0,0,0,0,0,0,0,0,0,0,3,0,0,0,0,0,0,90,0,15,0,0,0,0,0,0,0,0,0,0,0,0,0,0,0
Winter,Conch,January,31,2024,7,12,1.28,8,90,0,0,0,0,15,0,0,0,0,0,1,0,0,0,0,0,0,0,0,0,0,0,0,0,0,0,0,0,0,106,0,0,0,0,0,0,0,0,0,0,0,0,0,0,0,0,0
Winter,Conch,January,31,2024,8,14,1.32,8,90,0,0,0,0,20,0,0,0,0,0,0,0,0,0,0,0,0,0,0,0,0,0,2,0,0,0,0,0,0,112,0,0,0,0,0,0,0,0,0,0,0,0,0,0,0,0,0
Winter,Conch,January,31,2024,9,5,1.35,9,95,0,0,0,0,25,1,0,0,0,0,0,0,0,0,0,0,0,4,0,0,0,0,5,0,0,0,0,0,0,130,0,0,0,0,0,0,0,0,0,0,0,0,0,0,0,0,0
Winter,Conch,January,31,2024,10,16,1.85,5,85,2,0,0,0,20,0,0,2,0,0,0,0,0,0,0,0,0,1,0,0,0,0,0,0,0,0,0,0,0,110,0,0,0,0,0,0,0,0,0,0,0,0,0,0,0,0,0
Winter,Conch,January,31,2024,11,12,1.19,6,95,0,0,0,0,15,0,0,0,0,0,0,0,0,0,0,0,0,0,0,0,0,0,0,0,0,0,0,0,0,110,0,0,0,0,0,0,0,0,0,0,0,0,0,0,0,0,0
Winter,Conch,January,31,2024,12,9,1.39,7,90,1,0,0,0,8,0,0,0,0,0,1,0,0,0,0,0,0,0,0,0,0,0,5,0,0,0,0,0,0,105,0,0,0,0,0,0,0,0,0,0,0,0,0,0,0,0,0
Winter,Conch,January,31,2024,13,5,1.72,5,75,0,0,0,0,20,0,0,1,0,0,5,0,0,0,0,0,0,0,0,0,0,0,5,0,0,0,0,0,0,106,0,0,0,3,0,0,0,0,0,1,0,0,1,0,0,0,1
Winter,Conch,January,31,2024,14,9,1.16,5,95,0,5,0,0,10,0,0,0,0,0,2,0,0,0,0,0,0,0,0,0,0,0,0,0,0,0,0,0,0,112,0,0,0,0,0,0,0,0,0,0,0,0,0,0,0,0,0
Winter,Conch,January,31,2024,15,14,1.52,7,95,0,0,0,0,5,0,0,0,0,0,2,0,0,0,0,0,0,0,0,0,0,0,2,0,0,0,5,0,0,109,0,0,0,0,0,0,0,0,0,0,0,0,0,0,0,0,0
Winter,Conch,January,31,2024,16,10,1.11,NA,0,0,0,0,0,5,0,0,0,0,0,0,0,0,0,0,0,0,0,0,0,0,0,0,0,0,0,95,0,0,100,0,10,0,0,0,0,0,0,0,1,1,0,0,0,0,0,1
Winter,Conch,January,31,2024,17,12,1.56,4,65,3,0,0,0,20,0,0,1,0,0,5,0,0,0,0,0,0,3,0,0,0,0,2,0,0,0,5,0,0,104,0,20,0,0,0,0,0,0,0,0,0,0,0,0,0,0,0
Winter,Conch,January,31,2024,18,5,1.06,5,65,7,0,0,0,20,0,0,1,0,0,2,0,0,0,0,0,0,0,0,0,0,0,5,0,0,0,0,0,0,100,0,0,0,0,0,0,0,0,0,0,0,0,0,0,0,0,0
Winter,Conch,January,31,2024,19,1,1.19,2,50,0,0,0,0,30,0,0,4,0,0,3,0,0,5,0,0,0,5,0,0,0,0,3,0,0,0,0,0,0,100,0,0,0,0,0,0,0,0,0,0,0,0,0,0,0,0,0
Winter,Conch,January,31,2024,20,2,1.22,3,60,10,0,0,0,15,0,0,3,0,0,5,0,0,0,0,0,0,0,0,0,0,0,2,0,0,0,5,0,0,100,0,0,0,0,0,0,0,0,0,0,0,0,0,0,0,0,0
Winter,Conch,January,31,2024,21,28,1.67,5,50,0,0,0,0,30,0,2,3,0,0,3,0,0,7,0,0,7,0,0,0,0,2,2,0,0,0,0,0,0,106,0,0,0,0,0,0,0,0,0,0,0,0,0,0,0,0,0
Winter,Conch,January,31,2024,22,35,2,3,45,1,0,0,0,35,0,0,1,0,0,5,0,0,0,0,0,0,0,0,5,0,0,3,0,0,0,5,0,0,100,0,0,0,0,0,0,0,0,0,0,0,0,0,0,0,0,0
Winter,Conch,January,31,2024,23,24,1.14,3,25,5,0,0,0,40,0,2,0,1,0,3,0,0,0,0,0,7,0,0,5,0,0,3,0,0,0,10,0,0,101,0,5,0,0,0,0,0,0,0,2,2,0,0,0,0,0,1
Winter,Conch,January,31,2024,24,18,2,8,85,0,0,0,0,15,0,0,0,0,0,0,0,0,3,0,0,0,0,0,0,0,0,5,0,0,0,0,0,0,108,0,0,0,0,0,0,0,0,0,0,0,0,0,0,0,0,0
Winter,Conch,January,31,2024,25,28,1.28,3,65,0,0,0,0,20,0,0,3,0,0,15,0,0,0,0,0,0,0,0,1,0,3,5,0,0,0,0,0,0,112,0,0,0,0,0,0,0,0,0,0,0,0,0,0,0,0,0
Winter,South Canyon,February,14,2024,1,5,1.67,2,80,3,5,5,0,0,0,3,5,0,5,6,0,0,0,3,0,0,3,0,0,0,0,0,0,0,0,0,0,0,118,0,0,0,0,0,0,0,0,0,0,0,0,0,0,0,0,0
Winter,South Canyon,February,14,2024,2,15,1.32,2,40,5,5,2,0,2,0,20,0,0,20,5,0,7,0,0,0,0,0,0,5,0,0,0,0,0,0,0,0,0,111,0,0,0,0,0,0,0,0,0,0,0,0,0,0,0,0,0
Winter,South Canyon,February,14,2024,3,4,1.19,1,10,57,2,0,0,0,0,7,5,0,0,0,0,40,0,0,0,0,3,0,20,0,0,0,0,0,0,0,0,0,144,0,0,0,0,0,0,0,0,0,0,0,0,0,0,0,0,0
Winter,South Canyon,February,14,2024,5,3,1.22,2,80,3,20,0,0,0,0,1,3,0,0,0,0,0,0,0,0,0,0,0,0,0,0,0,0,0,0,0,0,0,107,0,0,0,0,0,0,0,0,0,0,0,0,0,0,0,0,0
Winter,South Canyon,February,14,2024,6,2,1.25,2,25,10,15,7,0,0,0,0,3,0,10,0,0,15,5,0,0,0,3,0,7,2,0,0,0,0,0,0,0,0,102,0,0,0,0,0,0,0,0,0,0,0,0,0,0,0,0,0
Winter,South Canyon,February,14,2024,7,5,1.22,2,50,5,15,15,0,0,0,5,3,0,5,0,0,0,3,0,0,0,0,0,5,3,0,0,0,0,0,0,0,0,109,0,0,0,0,0,0,0,0,0,0,0,0,0,0,0,0,0
Winter,South Canyon,February,14,2024,8,5,1.16,1,50,7,10,0,NA,2,0,0,0,0,0,4,0,5,3,0,0,0,5,5,5,NA,0,0,0,0,0,3,0,0,99,0,0,0,0,0,0,0,0,0,0,0,0,0,0,0,0,0
Winter,South Canyon,February,14,2024,9,8,1.19,1,20,10,0,15,0,0,0,3,0,0,5,0,0,30,5,0,0,0,10,0,4,0,0,0,0,25,0,0,0,0,127,0,0,0,0,0,0,0,0,0,0,0,0,0,0,0,0,0
Winter,South Canyon,February,14,2024,10,15,1.43,1,10,20,5,0,0,0,0,15,7,0,0,0,0,35,0,0,0,0,0,0,5,2,0,0,0,0,0,5,0,0,104,0,0,0,0,0,0,0,0,0,0,0,0,0,0,0,0,0
Winter,South Canyon,February,14,2024,11,5,1.47,1,25,5,7,5,0,5,0,10,2,0,15,0,0,5,0,0,0,0,0,0,15,1,0,0,0,0,0,0,0,0,95,0,5,0,0,0,0,0,0,0,0,0,0,0,0,0,0,0
Winter,South Canyon,February,14,2024,12,1,1.25,2,75,1,10,15,0,0,0,0,3,0,5,0,0,0,0,0,0,0,0,0,0,0,0,0,0,0,0,0,0,0,109,0,0,0,0,0,0,0,0,0,0,0,0,0,0,0,0,0
Winter,South Canyon,February,14,2024,13,12,1.16,2,25,5,25,0,0,20,0,5,0,0,15,0,0,0,0,5,0,0,0,0,0,0,0,0,0,0,0,0,0,0,100,0,4,0,0,0,0,0,0,0,2,2,0,0,0,0,0,1
Winter,South Canyon,February,14,2024,14,8,1.14,NA,0,10,45,0,0,0,0,40,0,0,4,0,0,0,2,0,0,0,0,0,0,0,0,0,0,0,0,0,0,0,101,5,0,0,0,0,0,0,0,0,0,0,0,0,0,0,0,0
Winter,South Canyon,February,14,2024,15,1,1.22,0.5,27,1,33,32,0,7,0,0,0,0,0,0,0,0,0,0,0,0,0,0,0,0,0,0,0,0,0,0,0,0,100,0,0,0,0,0,0,0,0,0,0,0,0,0,0,0,0,0
Winter,South Canyon,February,14,2024,16,6,1.22,NA,0,10,0,5,0,0,0,0,0,0,0,0,0,53,16,0,0,0,0,0,16,0,0,0,0,0,0,0,0,0,100,0,0,0,0,4,0,0,0,0,0,0,0,0,0,0,0,0
Winter,South Canyon,February,14,2024,17,24,1.52,2,60,9,10,25,0,2,0,0,0,0,0,0,0,15,0,0,0,0,0,0,0,0,0,0,0,0,0,0,0,0,121,0,0,0,0,0,0,0,0,0,0,0,0,0,0,0,0,0
Winter,South Canyon,February,14,2024,18,7,1.14,3,60,5,0,0,0,2,0,15,0,0,0,3,0,0,5,0,0,0,0,0,0,0,0,0,0,0,0,0,0,0,90,0,15,0,0,0,0,0,0,0,3,3,0,0,0,0,0,1
Winter,South Canyon,February,14,2024,19,1,1.22,2,60,10,5,0,0,0,0,5,0,0,0,5,0,25,1,0,0,0,0,0,0,0,0,0,0,0,0,0,0,0,111,0,1,0,0,0,0,0,0,0,0,0,0,0,0,0,0,0
Winter,South Canyon,February,14,2024,20,6,1.19,NA,0,10,0,0,3,0,0,5,0,0,0,0,0,80,10,0,0,0,0,0,0,0,0,0,0,0,0,0,0,0,108,5,0,0,0,0,0,0,0,0,0,0,0,0,0,0,0,0
Winter,South Canyon,February,14,2024,21,8,1.11,1,1,15,0,5,0,0,0,30,0,0,0,0,0,55,5,0,0,0,0,0,5,0,0,0,0,0,0,0,0,0,116,0,20,0,0,0,0,0,0,0,0,0,0,0,0,0,0,0
Winter,South Canyon,February,14,2024,22,4,1.19,1,40,3,0,0,0,0,0,5,0,0,0,0,0,45,5,0,0,0,0,0,3,0,0,0,0,0,0,0,0,0,101,0,0,0,0,0,0,0,0,0,0,0,0,0,0,0,0,0
Winter,South Canyon,February,14,2024,23,2,1.11,2,60,5,0,20,0,0,0,0,0,0,0,0,0,0,10,0,0,0,0,0,0,0,0,0,0,0,0,10,0,0,105,0,3,0,0,0,0,0,0,0,1,1,0,0,0,0,0,1
Winter,South Canyon,February,14,2024,24,16,2,2,30,2,0,0,0,0,0,5,0,0,0,0,0,50,0,0,0,0,0,0,10,0,0,0,0,0,0,0,0,0,97,5,0,0,0,5,0,0,0,0,0,0,0,0,0,0,0,0
Winter,South Canyon,February,14,2024,25,27,1.11,1,40,15,20,0,0,0,0,10,0,0,5,15,0,0,8,0,0,0,0,0,0,0,0,0,0,0,0,0,0,0,113,0,0,0,0,0,0,0,0,0,0,0,0,0,0,0,0,0
Spring,Fort Lauderdale,May,2,2024,1,5,1.67,0.5,15,5,50,0,0,10,5,5,3,2,0,0,0,0,5,0,0,0,0,0,0,0,0,0,0,0,0,0,0,0,100,0,0,0,0,0,0,0,0,0,0,0,0,0,0,0,0,0
Spring,Fort Lauderdale,May,2,2024,2,15,1.32,0.5,15,0,40,0,0,30,7,5,10,2,0,2,0,0,2,0,0,0,0,0,0,0,0,0,0,0,0,0,0,0,113,0,0,0,0,0,0,0,0,0,0,0,0,0,0,0,0,0
Spring,Fort Lauderdale,May,2,2024,3,4,1.19,0.5,1,0,15,0,0,65,15,3,5,3,0,7,0,0,0,0,0,0,0,0,0,0,0,0,0,0,0,0,0,0,114,0,0,0,0,0,0,0,0,0,0,0,0,0,0,0,0,0
Spring,Fort Lauderdale,May,2,2024,4,4,1.19,1,1,3,65,0,0,15,5,10,5,3,0,3,0,0,0,0,0,0,0,0,1,3,0,0,0,0,0,0,0,0,114,0,0,0,0,0,0,0,0,0,0,0,0,0,0,0,0,0
Spring,Fort Lauderdale,May,2,2024,5,3,1.22,0.5,1,0,2,0,0,20,7,30,10,2,0,0,0,0,0,0,0,0,0,0,0,3,0,0,0,0,0,0,0,0,75,0,25,0,0,0,0,0,0,0,0,0,0,0,0,0,0,0
Spring,Fort Lauderdale,May,2,2024,6,2,1.25,1,5,0,2,0,0,60,10,10,10,5,0,5,0,0,0,0,0,0,0,0,1,20,2,0,0,0,0,0,0,0,130,0,0,0,0,0,0,0,0,0,0,0,0,0,0,0,0,0
Spring,Fort Lauderdale,May,2,2024,7,5,1.22,0.5,5,5,15,0,0,40,15,5,5,2,0,0,0,0,2,0,0,0,0,0,0,5,3,0,0,0,0,0,0,0,102,0,0,0,0,0,0,0,0,0,0,0,0,0,0,0,0,0
Spring,Fort Lauderdale,May,2,2024,8,5,1.16,0.5,10,5,30,0,0,45,15,3,10,15,0,3,0,0,0,0,0,0,0,0,0,0,0,0,0,0,0,0,0,0,136,0,0,0,0,0,0,0,0,0,0,0,0,0,0,0,0,0
Spring,Fort Lauderdale,May,2,2024,9,8,1.19,1,20,3,0,0,0,30,20,10,15,5,3,0,0,0,0,0,0,0,0,0,0,0,0,0,0,0,0,0,0,0,106,0,0,0,0,0,0,0,0,0,0,0,0,0,0,0,0,0
Spring,Fort Lauderdale,May,2,2024,10,15,1.43,0.5,15,0,30,0,0,20,10,2,20,2,0,5,0,0,10,2,0,0,0,0,1,0,0,0,0,0,0,0,0,0,117,0,0,0,0,0,0,0,0,0,1,0,0,1,0,0,0,1
Spring,Fort Lauderdale,May,2,2024,11,5,1.47,1,20,0,15,0,0,60,5,0,3,0,0,5,0,0,5,0,0,0,0,0,0,3,0,0,0,0,0,5,0,0,121,0,0,0,0,0,0,0,0,0,0,0,0,0,0,0,0,0
Spring,Fort Lauderdale,May,2,2024,12,1,1.25,1,5,3,5,0,0,40,3,5,20,0,5,5,0,0,5,0,0,0,0,0,0,0,0,0,0,0,0,0,0,0,96,0,30,0,0,0,0,0,0,0,0,0,0,0,0,0,0,0
Spring,Fort Lauderdale,May,2,2024,13,12,1.16,1.5,45,0,0,0,0,20,10,0,0,0,1,0,0,0,0,0,0,0,0,0,0,3,0,0,0,0,0,0,0,0,79,0,10,0,0,0,0,0,0,0,1,1,0,0,0,0,0,1
Spring,Fort Lauderdale,May,2,2024,14,8,1.14,1,68,0,1,0,0,0,0,0,1,0,1,0,0,27,0,0,0,0,3,0,0,0,0,0,0,0,0,0,0,0,101,0,0,0,0,0,0,0,0,0,0,0,0,0,0,0,0,0
Spring,Fort Lauderdale,May,2,2024,15,1,1.22,0.5,15,5,15,0,0,25,10,0,1,0,0,0,0,4,3,0,0,0,0,0,0,0,0,0,0,0,0,0,0,0,78,0,0,0,0,0,0,0,0,0,0,0,0,0,0,0,0,0
Spring,Fort Lauderdale,May,2,2024,16,6,1.22,2,30,0,1,0,0,60,15,NA,10,0,1,0,0,0,0,0,0,0,0,0,0,0,0,0,0,0,0,0,0,0,117,0,0,0,0,0,0,0,0,0,0,0,0,0,0,0,0,0
Spring,Fort Lauderdale,May,2,2024,17,24,1.52,1,50,0,1,0,0,30,0,15,5,0,0,0,0,0,0,0,0,0,0,0,0,0,0,0,0,0,0,0,0,0,101,0,5,0,0,0,0,0,0,0,0,0,0,0,0,0,0,0
Spring,Fort Lauderdale,May,2,2024,18,7,1.14,1,60,0,10,0,0,15,15,1,10,0,1,0,0,0,5,0,0,0,0,0,0,0,0,0,0,0,0,0,0,0,117,0,0,0,0,0,0,0,0,0,0,0,0,0,0,0,0,0
Spring,Fort Lauderdale,May,2,2024,19,1,1.22,0.5,15,0,10,0,0,35,0,15,18,3,0,0,0,0,0,0,0,0,0,0,0,0,3,0,0,0,0,0,0,0,99,4,0,0,0,0,0,0,0,0,0,0,0,0,0,0,0,0
Spring,Fort Lauderdale,May,2,2024,20,6,1.19,1.5,20,5,40,0,0,30,0,5,5,0,0,0,0,0,0,0,0,0,0,0,0,0,0,0,0,0,0,0,0,0,105,0,2,0,0,0,0,0,0,0,1,1,0,0,0,0,0,1
Spring,Fort Lauderdale,May,2,2024,21,8,1.11,1.5,95,0,0,0,0,3,0,1,0,3,0,0,0,0,0,0,0,0,0,0,0,0,0,0,0,0,0,0,0,0,102,0,0,0,0,0,0,0,0,0,0,0,0,0,0,0,0,0
Spring,Fort Lauderdale,May,2,2024,22,4,1.19,1.5,80,0,0,0,0,10,5,0,5,0,0,0,0,0,0,0,0,0,0,0,0,0,0,0,0,0,0,0,0,0,100,0,3,0,0,0,0,0,0,0,1,1,0,0,0,0,0,1
Spring,Fort Lauderdale,May,2,2024,23,2,1.11,2,60,0,0,0,0,20,15,4,1,3,0,0,0,0,0,0,0,0,0,0,0,0,0,0,0,0,0,0,0,0,103,0,0,0,0,0,0,0,0,0,0,0,0,0,0,0,0,0
Spring,Fort Lauderdale,May,2,2024,24,16,2,2,70,0,0,0,0,0,15,0,0,0,0,0,0,0,0,0,0,0,0,0,0,0,0,0,0,0,0,0,0,0,85,15,0,0,0,0,0,0,0,0,0,0,0,0,0,0,0,0
Spring,Fort Lauderdale,May,2,2024,25,27,1.11,1,80,0,0,0,0,15,10,0,0,0,0,0,0,0,3,0,0,0,0,0,0,0,0,0,0,0,0,0,0,0,108,0,0,0,0,0,0,0,0,0,0,0,0,0,0,0,0,0
Spring,Dania Beach,April,15,2024,1,5,1.43,1,70,7,3,0,0,15,0,0,5,0,0,0,0,0,0,0,0,0,10,0,0,0,0,0,0,0,0,0,0,0,110,0,7,0,0,0,0,0,0,0,3,3,0,0,0,0,0,1
Spring,Dania Beach,April,15,2024,2,7,1.39,3,30,0,0,0,0,17,0,7,20,1,5,7,0,10,0,0,0,0,2,0,0,0,0,0,0,0,0,0,1,0,100,0,0,0,0,0,0,0,0,0,0,0,0,0,0,0,0,0
Spring,Dania Beach,April,15,2024,3,2,1.25,2,65,3,0,0,0,5,0,0,1,0,7,0,0,10,0,0,0,0,0,0,0,0,0,0,0,0,0,0,0,0,91,10,0,0,0,0,0,0,0,0,0,0,0,0,0,0,0,0
Spring,Dania Beach,April,15,2024,4,6,1.39,6,55,5,0,0,0,15,0,1,3,0,3,0,0,7,3,0,0,0,10,0,0,0,0,0,0,0,0,0,0,0,102,0,0,0,0,0,0,0,0,0,0,0,0,0,0,0,0,0
Spring,Dania Beach,April,15,2024,5,1,1.11,2,50,0,1,0,0,35,0,0,5,3,0,0,0,0,15,0,0,0,0,0,0,0,0,0,0,0,0,0,0,0,109,3,0,0,0,0,0,0,0,0,1,0,1,0,0,0,0,1
Spring,Dania Beach,April,15,2024,6,5,1.22,0.5,40,2,3,0,0,30,1,0,10,0,3,0,0,0,5,0,0,0,0,3,0,0,0,0,0,0,0,0,0,0,97,0,0,0,0,0,0,0,0,0,0,0,0,0,0,0,0,0
Spring,Dania Beach,April,15,2024,7,1,1.16,3,90,0,0,0,0,10,0,0,5,0,3,0,0,0,1,0,0,0,0,0,0,0,0,0,0,0,0,0,1,0,110,0,0,0,0,0,0,0,0,0,0,0,0,0,0,0,0,0
Spring,Dania Beach,April,15,2024,8,9,1.47,5,55,3,0,0,0,15,0,0,10,0,3,0,0,0,0,0,0,0,3,0,0,0,0,0,0,0,0,13,0,0,102,0,0,0,0,0,0,0,0,0,0,0,0,0,0,0,0,0
Spring,Dania Beach,April,15,2024,9,7,1.25,5,95,0,0,0,0,5,0,0,5,0,0,0,0,0,0,0,0,0,0,0,0,0,0,0,0,0,0,0,0,0,105,0,0,0,0,0,0,0,0,0,0,0,0,0,0,0,0,0
Spring,Dania Beach,April,15,2024,10,2,1.85,2,35,2,0,0,0,10,0,0,0,0,0,0,0,0,5,0,0,0,5,3,0,0,0,0,0,0,0,40,0,0,100,0,7,0,0,0,0,0,0,0,0,0,0,0,0,0,0,0
Spring,Dania Beach,April,15,2024,11,3,1.28,NA,0,3,0,0,0,3,0,2,0,0,0,0,0,90,2,0,0,0,2,0,0,0,0,0,0,0,0,3,0,0,105,0,0,0,0,0,0,0,0,0,0,0,0,0,0,0,0,0
Spring,Dania Beach,April,15,2024,12,1,1.16,2,40,2,0,0,0,25,0,0,5,0,5,5,0,7,1,0,0,0,0,2,0,0,0,0,0,0,0,10,0,0,102,0,0,0,0,0,0,0,0,0,0,0,0,0,0,0,0,0
Spring,Dania Beach,April,15,2024,13,18,1.22,4,45,0,0,0,0,0,0,0,0,0,0,0,0,0,0,0,0,0,0,0,0,0,0,0,0,0,0,65,0,0,110,0,0,0,0,0,0,0,0,0,0,0,0,0,0,0,0,0
Spring,Dania Beach,April,15,2024,14,2,1.14,1,30,3,0,0,0,20,0,17,12,0,0,2,0,0,10,25,0,0,0,0,0,0,0,0,0,0,0,0,0,0,119,0,0,0,0,0,0,0,0,0,0,0,0,0,0,0,0,0
Spring,Dania Beach,April,15,2024,15,10,1.14,3,60,0,0,0,0,25,0,0,5,0,10,0,0,0,0,0,10,0,0,0,0,0,0,0,0,0,0,0,0,0,110,0,0,0,0,0,0,0,0,0,0,0,0,0,0,0,0,0
Spring,Dania Beach,April,15,2024,16,0,1.43,0.5,10,0,0,0,0,55,0,10,5,0,20,0,0,0,5,0,10,0,0,0,1,0,0,0,0,0,0,0,0,0,116,0,3.5,0,0,0,0,0,0,0,1,0,1,0,0,0,0,1
Spring,Dania Beach,April,15,2024,17,6,1.43,2,75,0,0,0,0,15,0,4,5,0,0,0,0,0,0,0,0,0,0,1,0,0,0,0,0,0,0,5,0,0,105,10,0,0,0,0,0,0,0,0,0,0,0,0,0,0,0,0
Spring,Dania Beach,April,15,2024,18,11,1.35,1.5,80,0,5,0,0,5,0,0,5,0,0,5,0,0,0,5,0,0,0,2,0,0,0,0,0,0,0,0,0,0,107,0,0,0,0,0,0,0,0,0,0,0,0,0,0,0,0,0
Spring,Dania Beach,April,15,2024,19,3,1.04,2,60,0,0,0,0,20,0,0,5,0,0,5,1,0,0,0,0,0,0,5,0,0,0,0,0,0,0,0,0,0,96,15,5,0,5,0,0,0,0,0,0,0,0,0,0,0,0,0
Spring,Dania Beach,April,15,2024,20,9,1.22,1,35,0,0,0,0,40,0,2,15,0,0,3,0,6,0,0,0,0,1,0,0,0,0,0,0,0,0,0,0,0,102,0,0,0,5,0,0,0,0,0,0,0,0,0,0,0,0,0
Spring,Dania Beach,April,15,2024,21,5,1.67,2,35,0,0,0,0,15,0,12,3,0,5,0,0,0,0,0,0,22,0,5,0,0,3,0,0,0,0,0,0,0,100,5,0,0,0,0,0,0,0,0,0,0,0,0,0,0,0,0
Spring,Dania Beach,April,15,2024,22,18,1.67,1,40,2,0,0,0,20,0,0,20,0,6,0,0,0,3,0,0,0,0,0,0,0,0,0,0,0,0,10,0,0,101,0,0,0,0,0,0,0,0,0,0,0,0,0,0,0,0,0
Spring,Dania Beach,April,15,2024,23,15,1.25,0.5,31,6,0,0,0,14,0,0,20,0,17,0,1,0,0,0,6,0,0,0,5,0,0,0,0,0,0,0,0,0,100,3,0,0,6,0,0,0,0,0,1,0,1,0,0,0,0,1
Spring,Dania Beach,April,15,2024,24,20,1.22,NA,5,7,0,0,0,5,0,0,0,0,0,0,0,75,0,0,0,0,0,0,6,0,0,0,0,0,0,0,0,0,98,10,0,0,0,0,0,0,0,0,0,0,0,0,0,0,0,0
Spring,Dania Beach,April,15,2024,25,7,1.43,2,75,0,0,0,0,0,0,0,0,0,0,0,0,0,1,0,0,0,0,0,0,0,0,0,0,0,0,25,0,0,101,0,0,0,0,0,0,0,0,0,0,0,0,0,0,0,0,0
Spring,South Canyon,April,12,2024,1,16,1.32,0.5,20,15,15,0,0,50,0,5,0,0,15,0,0,0,0,0,0,0,0,0,0,0,0,0,0,0,0,0,0,0,120,0,0,0,0,0,0,0,0,0,0,0,0,0,0,0,0,0
Spring,South Canyon,April,12,2024,2,18,1.22,1,35,5,15,0,0,20,0,10,5,0,20,0,0,0,0,0,0,0,2,0,5,0,0,0,0,0,0,0,0,0,117,2.5,0,0,0,2.5,0,0,0,0,2,0,0,0,0,2,0,1
Spring,South Canyon,April,12,2024,3,16,1.39,0.5,0,5,30,0,0,10,0,5,0,0,0,0,0,50,5,0,0,0,0,0,3,0,0,0,0,0,5,0,0,0,113,3.5,0,0,0,0,0,0,0,0,1,0,1,0,0,0,0,1
Spring,South Canyon,April,12,2024,4,19,1.52,0.5,2,5,17,0,0,30,2,8,0,0,5,8,0,17,0,0,0,0,0,0,6,0,0,0,0,0,0,0,0,0,100,3,0,0,0,0,0,0,0,0,0,0,0,0,0,0,0,0
Spring,South Canyon,April,12,2024,5,2,1.14,1.5,85,5,6,0,0,6,2,0,0,0,0,0,0,0,0,0,0,0,0,0,0,0,0,0,0,0,0,0,0,0,104,1.5,0,0,0,0,0,0,0,0,1,0,1,0,0,0,0,1
Spring,South Canyon,April,12,2024,6,7,1.22,0.5,3,3,20,0,0,60,0,2,0,0,5,0,0,10,0,0,0,0,0,0,1,0,0,0,0,0,1,0,0,0,105,0,0,0,0,0,0,0,0,0,0,0,0,0,0,0,0,0
Spring,South Canyon,April,12,2024,7,5,1.19,5,60,0,15,0,0,17,0,0,0,0,4,0,0,0,0,0,0,0,0,0,4,0,0,0,0,0,0,0,0,0,100,0,0,0,0,0,0,0,0,0,0,0,0,0,0,0,0,0
Spring,South Canyon,April,12,2024,8,4,1.61,1,30,0,20,0,0,35,0,5,0,5,3,0,0,0,0,0,0,0,0,3,10,0,0,0,0,0,1,0,0,0,112,0,0,0,0,5,0,0,0,0,0,0,0,0,0,0,0,0
Spring,South Canyon,April,12,2024,9,7,1.19,0.5,17,6,23,0,0,6,0,0,2,0,2,0,0,30,12,0,0,0,0,0,0,0,0,0,0,0,2,0,0,0,100,0,0,0,0,0,0,0,0,0,0,0,0,0,0,0,0,0
Spring,South Canyon,April,12,2024,10,16,1.61,0.5,0,25,0,0,0,5,0,50,1,0,0,0,0,25,0,0,0,0,0,0,15,0,0,0,0,0,0,0,0,0,121,0,0,0,0,0,0,0,0,0,0,0,0,0,0,0,0,0
Spring,South Canyon,April,12,2024,11,22,1.25,NA,5,2,25,0,0,37,0,0,0,0,25,0,0,6,0,0,0,0,0,0,0,0,0,0,0,0,0,0,0,0,100,3,0,0,0,0,0,0,0,0,1,0,1,0,0,0,0,1
Spring,South Canyon,April,12,2024,12,13,1.09,4,65,0,0,0,0,27,2,0,0,0,6,0,0,0,0,0,0,0,0,0,0,0,0,NA,0,0,0,0,0,0,100,0,0,0,0,0,0,0,0,0,0,0,0,0,0,0,0,0
Spring,South Canyon,April,12,2024,13,4,1.35,1,45,2,3,0,0,20,0,5,0,3,5,1,0,0,7,5,0,0,0,0,0,0,0,0,0,0,0,3,0,0,99,0,3,0,0,0,0,0,0,0,2,2,0,0,0,0,0,1
Spring,South Canyon,April,12,2024,14,20,1.67,NA,0,10,60,0,0,3,0,15,0,0,0,0,0,0,0,0,0,0,0,0,2,2,0,0,0,0,0,0,0,0,92,5,0,0,0,5,0,0,0,0,0,0,0,0,0,0,0,0
Spring,South Canyon,April,12,2024,15,2,1.92,1,20,0,3,0,0,80,0,3,1,0,0,0,0,0,0,0,0,0,0,0,1,0,0,0,0,0,0,0,0,0,108,0,0,0,0,0,0,0,0,0,0,0,0,0,0,0,0,0
Spring,South Canyon,April,12,2024,16,5,2,NA,0,5,25,0,0,15,0,5,3,0,0,0,0,30,15,0,0,0,0,0,10,5,0,0,0,0,0,0,0,0,113,0,0,0,0,3,0,0,0,0,0,0,0,0,0,0,0,0
Spring,South Canyon,April,12,2024,17,20,1.25,1,45,0,0,0,0,35,0,5,5,0,0,0,0,15,0,0,0,0,0,0,0,0,0,0,0,0,0,0,0,0,105,0,0,0,0,0,0,0,0,0,0,0,0,0,0,0,0,0
Spring,South Canyon,April,12,2024,18,40,1.67,2,30,1,10,0,0,15,0,15,0,7,0,0,0,1,5,0,5,0,3,0,15,0,0,0,0,0,0,0,0,0,107,0,0,0,0,0,0,0,0,0,2,2,0,0,0,0,0,1
Spring,South Canyon,April,12,2024,19,10,1.47,1,40,10,5,0,0,7,0,5,3,0,0,5,0,35,0,0,0,0,0,0,1,0,0,0,0,0,0,2,0,0,113,0,0,0,0,0,0,0,0,0,0,0,0,0,0,0,0,0
Spring,South Canyon,April,12,2024,20,0,1.52,NA,0,0,3,0,0,5,0,5,3,1,0,0,0,85,10,0,0,0,10,0,3,0,0,0,0,0,0,0,0,0,125,5,0,0,0,0,0,0,0,0,0,0,0,0,0,0,0,0
Spring,South Canyon,April,12,2024,21,15,1.25,1,30,2,10,0,0,5,0,10,0,0,3,0,0,30,0,0,0,0,0,0,10,0,0,0,0,0,0,5,0,0,105,0,15,0,0,0,0,0,0,0,4,4,0,0,0,0,0,1
Spring,South Canyon,April,12,2024,22,0,1.28,1,15,3,15,0,0,5,1,10,5,0,0,15,0,30,1,0,0,0,10,0,3,0,0,0,0,0,0,0,0,0,113,0,0,0,0,0,0,0,0,0,0,0,0,0,0,0,0,0
Spring,South Canyon,April,12,2024,23,20,1.19,2,0,2,80,0,0,5,0,5,0,0,0,0,0,0,0,0,0,0,0,0,0,0,0,0,0,0,0,3,0,0,95,0,5,0,0,0,0,0,0,0,1,1,0,0,0,0,0,1
Spring,South Canyon,April,12,2024,24,6,1.43,2,15,2,0,0,0,10,0,10,0,0,7,0,0,40,0,0,0,0,0,0,10,0,0,0,0,0,0,10,0,0,104,0,0,0,0,3,0,0,0,0,0,0,0,0,0,0,0,0
Spring,South Canyon,April,12,2024,25,10,1.28,1,40,10,7,0,0,15,0,7,0,0,10,10,0,0,0,0,0,0,0,0,1,0,0,0,0,0,0,0,0,0,100,0,0,0,0,0,0,0,0,0,0,0,0,0,0,0,0,0
Spring,Emerald,May ,1,2024,1,10,1.52,3,75,0,0,0,0,25,0,0,0,0,0,0,0,0,0,0,0,0,0,0,0,0,0,0,0,0,0,0,0,0,100,0,3,0,0,0,0,0,0,0,0,0,0,0,0,0,0,0
Spring,Emerald,May ,1,2024,2,2,1.25,0.5,30,10,20,0,0,5,0,0,0,0,0,5,0,0,25,0,0,0,0,0,0,0,0,0,0,0,0,0,0,0,95,15,3,0,0,0,0,0,0,0,1,1,0,0,0,0,0,1
Spring,Emerald,May ,1,2024,3,11,1.35,1,30,1,0,0,0,70,1,0,5,0,0,0,0,3,0,0,0,0,1,0,0,0,0,0,0,0,0,0,0,0,111,0,0,0,0,0,0,0,0,0,0,0,0,0,0,0,0,0
Spring,Emerald,May ,1,2024,4,6,1.25,1,45,0,10,0,0,44,0,3,0,0,0,0,0,0,0,0,0,0,0,0,0,0,0,0,0,0,0,0,0,0,102,0,0,0,0,0,0,0,0,0,0,0,0,0,0,0,0,0
Spring,Emerald,May ,1,2024,5,20,1.25,1,50,0,1,0,0,40,0,0,3,0,0,0,0,5,0,0,0,0,5,0,0,0,0,0,0,0,0,10,0,0,114,0,0,0,0,0,0,0,0,0,0,0,0,0,0,0,0,0
Spring,Emerald,May ,1,2024,6,2,1.16,1,10,10,0,0,0,60,0,5,0,0,0,10,0,0,0,0,0,0,10,0,0,0,0,0,0,0,0,0,0,0,105,0,0,0,0,0,0,0,0,0,0,0,0,0,0,0,0,0
Spring,Emerald,May ,1,2024,7,26,1.19,0.5,5,5,10,0,0,75,0,0,0,0,0,0,0,0,0,0,6,0,0,0,0,0,0,0,0,0,0,0,0,0,101,0,0,0,0,0,0,0,0,0,0,0,0,0,0,0,0,0
Spring,Emerald,May ,1,2024,8,5,1.35,0.5,5,0,10,0,0,20,0,5,0,0,0,5,0,0,60,0,0,0,0,0,0,0,0,0,0,0,0,25,0,0,130,0,0,0,0,0,0,0,0,0,0,0,0,0,0,0,0,0
Spring,Emerald,May ,1,2024,9,24,1.72,3,35,0,2,0,0,50,0,0,5,0,10,0,0,0,10,0,0,0,0,0,0,0,0,0,0,0,0,0,0,0,112,0,1.5,0,0,0,0,0,0,0,0,0,0,0,0,0,0,0
Spring,Emerald,May ,1,2024,10,35,1.67,3,15,0,0,0,0,47,0,0,4,0,0,0,0,0,0,0,7,0,0,0,0,0,0,0,0,0,0,25,0,0,98,0,2,0,0,0,0,0,0,0,1,1,0,0,0,0,0,1
Spring,Emerald,May ,1,2024,11,1,1.22,4,30,0,0,0,0,65,0,0,0,0,0,4,0,0,1,0,0,0,0,0,0,0,0,0,0,0,0,0,0,0,100,3,0,0,0,0,0,0,0,0,1,0,1,0,0,0,0,1
Spring,Emerald,May ,1,2024,12,10,2.5,2,5,0,1,0,0,90,0,0,10,0,0,0,0,0,0,0,0,0,0,0,0,0,0,0,0,0,0,0,0,0,106,0,0,0,0,0,0,0,0,0,0,0,0,0,0,0,0,0
Spring,Emerald,May ,1,2024,13,35,1.67,NA,0,0,10,0,0,35,0,10,0,0,0,10,0,15,0,0,0,0,10,0,0,0,0,0,0,0,0,15,0,0,105,0,0,0,0,0,0,0,0,0,0,0,0,0,0,0,0,0
Spring,Emerald,May ,1,2024,14,9,1.25,1,40,0,10,0,0,40,0,3,2,0,0,0,0,0,0,0,0,0,0,0,0,0,0,0,0,0,0,5,0,0,100,2,0,0,0,0,0,0,0,0,1,0,1,0,0,0,0,1
Spring,Emerald,May ,1,2024,15,35,1.25,3,5,0,10,0,0,70,0,0,3,0,0,0,0,0,3,0,0,0,0,0,0,0,0,0,0,0,0,0,0,0,91,15,0,0,0,0,0,0,0,0,1,0,1,0,0,0,0,1
Spring,Emerald,May ,1,2024,16,5,1.04,1,40,5,0,0,0,30,0,5,7,0,0,7,0,0,3,0,0,0,0,0,0,0,0,0,0,0,0,20,0,0,117,0,0,0,0,0,0,0,0,0,0,0,0,0,0,0,0,0
Spring,Emerald,May ,1,2024,17,50,1.85,1,45,0,10,0,0,15,0,0,7,0,5,0,0,0,0,0,0,0,0,0,0,0,0,0,0,0,0,35,0,0,117,0,0,0,0,0,0,0,0,0,0,0,0,0,0,0,0,0
Spring,Emerald,May ,1,2024,18,10,1.19,1,10,10,5,0,0,30,0,0,0,0,0,10,0,10,10,0,0,0,0,3,0,0,0,0,0,0,0,20,0,0,108,0,0,0,0,0,0,0,0,0,0,0,0,0,0,0,0,0
Spring,Emerald,May ,1,2024,19,20,1.04,NA,0,0,0,0,0,35,0,10,0,0,0,0,0,0,0,0,0,3,5,0,0,0,2,0,0,0,0,50,0,0,105,0,0,0,0,0,0,0,0,0,0,0,0,0,0,0,0,0
Spring,Emerald,May ,1,2024,20,15,1.25,3,60,0,0,0,0,40,0,2,3,0,0,3,0,0,0,0,0,0,0,0,0,0,0,0,0,0,0,0,0,0,108,0,0,0,0,0,0,0,0,0,0,0,0,0,0,0,0,0
Spring,Emerald,May ,1,2024,21,30,1.43,0.5,20,10,0,0,2,70,0,0,7,0,0,0,0,0,3,0,0,0,0,0,0,0,0,0,0,0,0,3,2,0,117,0,0,0,0,0,0,0,0,0,0,0,0,0,0,0,0,0
Spring,Emerald,May ,1,2024,22,39,1.67,0.5,10,0,0,0,0,40,0,0,2,0,0,0,0,0,15,0,0,0,0,15,0,0,0,0,0,0,0,20,0,0,102,0,0,0,0,0,0,0,0,0,0,0,0,0,0,0,0,0
Spring,Emerald,May ,1,2024,23,32,1.67,2,35,0,0,0,0,20,0,0,10,0,0,0,0,15,0,0,0,15,0,0,0,0,0,0,0,0,0,5,0,0,100,0,0,0,0,0,0,0,0,0,0,0,0,0,0,0,0,0
Spring,Emerald,May ,1,2024,24,37,1.85,0.5,5,10,0,0,0,60,0,7,3,0,0,5,0,0,15,0,0,0,0,0,0,0,0,0,0,0,0,10,0,0,115,0,2,0,0,0,0,0,0,0,1,1,0,0,0,0,0,1
Spring,Emerald,May ,1,2024,25,15,1.67,1,3,5,0,0,0,40,0,0,7,0,0,0,0,0,5,0,0,0,0,0,0,0,0,0,0,0,40,0,0,0,100,0,2,0,0,0,0,0,0,0,1,1,0,0,0,0,0,1
Spring,Carysfort,April,19,2024,1,22,1.43,0.5,50,1,0,0,0,25,0,0,2,0,0,5,0,0,2,0,0,0,0,0,0,0,0,15,0,0,0,0,0,0,100,0,0,0,0,0,0,0,0,0,0,0,0,0,0,0,0,0
Spring,Carysfort,April,19,2024,2,4,1.11,0.5,20,3,0,0,0,50,7,3,5,0,0,5,0,0,2,0,0,0,0,0,0,0,0,5,0,0,0,0,0,0,100,2,0,0,0,0,0,0,0,0,1,0,1,0,0,0,0,1
Spring,Carysfort,April,19,2024,3,7,1.35,0.5,60,1,0,0,0,20,2,0,0,0,0,0,0,0,3,0,0,0,0,0,0,0,0,0,0,0,0,10,0,0,96,2,4,0,0,0,0,0,0,0,8,6,2,0,0,0,0,1
Spring,Carysfort,April,19,2024,4,3,1.16,0.5,15,0,0,0,0,55,2,0,10,0,0,7,0,0,0,0,0,0,0,0,0,0,0,10,0,0,0,0,0,0,99,2,0,0,0,0,0,0,0,0,1,0,1,0,0,0,0,1
Spring,Carysfort,April,19,2024,5,11,1.35,0.5,10,0,0,0,0,80,2,0,7,0,0,0,0,0,0,0,0,0,0,0,0,0,0,5,0,0,0,0,0,0,104,0,0,0,0,0,0,0,0,0,0,0,0,0,0,0,0,0
Spring,Carysfort,April,19,2024,6,2,1.25,0.5,50,2,0,0,0,35,0,2,3,0,0,5,0,0,0,0,0,0,0,0,0,0,0,5,0,0,0,0,0,0,102,0,0,0,0,0,0,0,0,0,0,0,0,0,0,0,0,0
Spring,Carysfort,April,19,2024,7,12,1.28,0.5,45,3,0,0,0,40,2,0,5,0,0,0,0,0,0,0,0,0,0,0,0,0,0,5,0,0,0,0,0,0,100,0,0,0,0,0,0,0,0,0,0,0,0,0,0,0,0,0
Spring,Carysfort,April,19,2024,8,14,1.32,0.5,35,0,5,0,0,45,0,2,0,0,0,0,0,0,3,0,0,0,0,0,0,0,0,10,0,0,0,0,2,0,102,1,0,0,0,0,0,0,0,0,1,0,1,0,0,0,0,1
Spring,Carysfort,April,19,2024,9,5,1.35,0.5,49,0,0,0,0,30,0,7,3,0,10,0,0,0,0,0,0,0,0,0,0,0,0,5,0,0,0,5,0,0,109,0,0,0,0,0,0,0,0,0,0,0,0,0,0,0,0,0
Spring,Carysfort,April,19,2024,10,16,1.85,0.5,15,5,0,0,0,65,3,0,5,0,0,7,0,0,0,0,0,0,0,0,0,0,0,0,0,0,0,0,0,0,100,0,0,0,0,0,0,0,0,0,0,0,0,0,0,0,0,0
Spring,Carysfort,April,19,2024,11,12,1.19,0.5,80,5,0,0,0,10,0,0,0,0,3,0,0,5,0,0,0,0,0,0,0,5,0,0,0,0,0,0,0,0,108,0,0,0,0,0,0,0,0,0,0,0,0,0,0,0,0,0
Spring,Carysfort,April,19,2024,12,9,1.39,1,40,0,0,0,0,30,2,0,0,0,0,2,0,0,0,0,0,0,0,0,0,0,0,3,0,0,0,0,0,0,77,0,35,0,0,0,0,0,0,0,0,0,0,0,0,0,0,0
Spring,Carysfort,April,19,2024,13,5,1.72,0.5,5,10,0,0,0,70,0,0,15,0,0,1,0,0,0,0,0,0,0,0,0,0,0,5,0,0,0,0,0,0,106,0,0,0,0,0,0,0,0,0,0,0,0,0,0,0,0,0
Spring,Carysfort,April,19,2024,14,9,1.16,0.5,5,5,0,0,0,90,0,0,5,0,0,0,0,0,0,0,0,0,0,0,0,0,0,3,0,0,0,0,0,0,108,0,0,0,0,0,0,0,0,0,0,0,0,0,0,0,0,0
Spring,Carysfort,April,19,2024,15,14,1.52,1,2,0,0,0,0,70,0,20,0,0,0,5,0,0,0,0,0,0,0,0,0,0,0,5,0,0,0,0,0,0,102,0,0,0,0,0,0,0,0,0,0,0,0,0,0,0,0,0
Spring,Carysfort,April,19,2024,16,10,1.11,1,10,5,0,0,0,75,3,0,0,0,0,1,0,0,1,0,0,0,0,0,0,0,1,5,0,0,0,0,0,0,101,0,0,0,0,0,0,0,0,0,0,0,0,0,0,0,0,0
Spring,Carysfort,April,19,2024,17,12,1.56,0.5,1,10,0,0,0,70,7,1,0,0,6,0,0,0,0,0,0,0,0,0,0,0,0,5,0,0,0,0,0,0,100,5,10,0,0,0,0,0,0,0,0,0,0,0,0,0,0,0
Spring,Carysfort,April,19,2024,18,5,1.06,0.5,26,0,0,0,0,53,0,0,0,0,0,2,0,0,0,0,0,0,0,0,0,0,4,15,0,0,0,0,0,0,100,0,0,0,0,0,0,0,0,0,0,0,0,0,0,0,0,0
Spring,Carysfort,April,19,2024,19,1,1.19,0.5,5,0,0,0,0,70,0,0,20,0,0,1,0,0,0,0,0,0,3,0,0,0,0,5,0,0,0,0,0,0,104,0,0,0,0,0,0,0,0,0,0,0,0,0,0,0,0,0
Spring,Carysfort,April,19,2024,20,2,1.22,0.5,34,0,0,0,0,65,0,5,0,0,0,2,0,0,0,0,0,0,0,0,0,0,0,0,0,0,0,0,0,0,106,0,0,0,0,0,0,0,0,0,0,0,0,0,0,0,0,0
Spring,Carysfort,April,19,2024,21,28,1.67,1,NA,5,NA,NA,0,50,0,0,5,0,0,0,0,0,0,0,0,0,NA,NA,NA,NA,2,NA,NA,NA,NA,NA,NA,NA,62,0,0,0,0,0,0,0,0,0,0,0,0,0,0,0,0,0
Spring,Carysfort,April,19,2024,22,35,2,NA,1,15,0,0,0,30,0,0,0,0,0,0,0,0,0,0,0,0,0,0,0,0,2,0,0,0,0,0,0,0,48,0,0,0,60,0,0,0,0,0,0,0,0,0,0,0,0,0
Spring,Carysfort,April,19,2024,23,24,1.14,0.5,15,0,0,0,0,77,0,0,0,0,0,1,0,0,1,0,0,0,0,0,0,0,2,4,0,0,0,0,0,0,100,0,0,0,0,0,0,0,0,0,0,0,0,0,0,0,0,0
Spring,Carysfort,April,19,2024,24,18,2,0.5,5,0,0,0,0,85,0,0,10,0,0,2,0,0,0,0,0,0,0,0,0,0,0,0,0,0,0,0,0,0,102,0,0,0,0,0,0,0,0,0,0,0,0,0,0,0,0,0
Spring,Carysfort,April,19,2024,25,28,1.28,1.5,60,3,0,0,0,35,0,0,0,0,0,2,0,0,0,0,0,0,0,0,0,0,0,0,0,0,0,0,0,0,100,0,0,0,0,0,0,0,0,0,0,0,0,0,0,0,0,0
Spring,Conch,April,19,2024,1,5,1.11,1,26,0,0,0,0,13,0,0,5,0,0,0,0,0,0,0,0,0,0,0,0,0,0,56,0,0,0,0,0,0,100,0,0,0,0,0,0,0,0,0,0,0,0,0,0,0,0,0
Spring,Conch,April,19,2024,2,2,1.61,3,70,1,0,0,0,10,0,0,0,0,0,0,0,0,0,0,0,0,0,0,0,0,0,20,0,0,0,0,0,0,101,0,0,0,0,0,0,0,0,0,0,0,0,0,0,0,0,0
Spring,Conch,April,19,2024,3,15,1.25,5,65,0,0,0,0,10,0,0,0,0,0,0,0,0,0,0,0,0,0,0,0,0,0,35,0,0,0,0,0,0,110,0,0,0,0,0,0,0,0,0,0,0,0,0,0,0,0,0
Spring,Conch,April,19,2024,4,2,1.22,4,15,0,0,0,0,10,0,0,5,0,0,5,0,0,0,0,0,0,0,0,0,0,0,65,0,0,0,0,0,0,100,0,0,0,0,0,0,0,0,0,0,0,0,0,0,0,0,0
Spring,Conch,April,19,2024,5,0,1.19,2,40,7,0,0,0,15,3,0,0,0,0,5,0,5,0,0,0,0,0,0,0,0,0,50,0,0,0,0,0,0,125,0,0,0,0,0,0,0,0,0,0,0,0,0,0,0,0,0
Spring,Conch,April,19,2024,6,5,1.11,5,40,1,0,0,0,5,0,0,0,0,0,2,0,0,0,0,0,0,0,0,0,0,0,70,0,0,0,0,0,0,118,0,0,0,0,0,0,0,0,0,0,0,0,0,0,0,0,0
Spring,Conch,April,19,2024,7,9,1.19,8,90,0,0,0,0,10,0,0,0,0,0,1,0,0,0,0,0,0,0,0,0,0,0,0,0,0,0,0,0,0,101,0,0,0,0,0,0,0,0,0,0,0,0,0,0,0,0,0
Spring,Conch,April,19,2024,8,12,1.19,4,80,0,0,0,0,10,0,0,0,0,0,0,0,0,0,0,0,0,0,0,0,0,0,20,0,0,0,0,0,0,110,0,0,0,0,0,0,0,0,0,0,0,0,0,0,0,0,0
Spring,Conch,April,19,2024,9,2,1.22,5,70,0,0,0,0,0,3,0,0,0,0,0,0,0,0,0,0,0,0,0,0,0,0,35,0,0,0,0,0,0,108,0,0,0,0,0,0,0,0,0,0,0,0,0,0,0,0,0
Spring,Conch,April,19,2024,10,8,1.09,5,60,0,0,0,0,40,0,0,0,0,0,0,0,0,0,0,0,0,1,0,0,0,0,15,0,0,0,0,0,0,116,0,0,0,0,0,0,0,0,0,0,0,0,0,0,0,0,0
Spring,Conch,April,19,2024,11,4,1.09,3,72,0,0,0,0,11,0,0,0,0,0,0,0,0,0,0,0,0,0,0,0,0,0,17,0,0,0,0,0,0,100,0,0,0,0,0,0,0,0,0,0,0,0,0,0,0,0,0
Spring,Conch,April,19,2024,12,6,1.11,4,80,0,0,0,0,0,0,0,0,0,0,1,0,0,0,0,0,0,0,0,0,2,0,20,0,0,0,0,0,0,103,0,0,0,0,0,0,0,0,0,0,0,0,0,0,0,0,0
Spring,Conch,April,19,2024,13,11,1.16,4,50,0,0,0,0,5,2,0,3,2,0,5,0,0,3,0,0,0,0,0,0,0,0,35,0,0,0,0,0,0,105,0,0,0,0,0,0,0,0,0,1,0,0,1,0,0,0,1
Spring,Conch,April,19,2024,14,6,1.25,4,90,0,0,0,0,10,0,0,0,0,0,3,0,0,0,0,0,0,0,0,0,0,0,2,0,0,0,0,0,0,105,0,0,0,0,0,0,0,0,0,0,0,0,0,0,0,0,0
Spring,Conch,April,19,2024,15,9,1.14,6,90,0,0,0,0,15,0,0,0,0,0,3,0,0,0,0,0,0,0,0,0,0,0,0,0,0,0,0,0,0,108,0,0,0,0,0,0,0,0,0,0,0,0,0,0,0,0,0
Spring,Conch,April,19,2024,16,1,1.14,NA,0,0,0,0,0,10,0,0,0,0,0,0,0,0,0,0,0,0,0,0,0,0,0,0,0,0,0,90,0,0,100,0,10,0,0,0,0,0,0,0,4,4,0,0,0,0,0,1
Spring,Conch,April,19,2024,17,17,1.39,3,40,0,0,0,0,15,0,0,3,2,0,2,0,0,3,0,0,0,0,0,0,0,0,30,0,0,0,3,0,0,98,0,15,0,0,0,0,0,0,0,0,0,0,0,0,0,0,0
Spring,Conch,April,19,2024,18,18,1.39,2,40,0,2,0,0,7,5,0,1,0,0,0,0,0,0,0,0,0,0,0,0,0,0,45,0,0,0,0,0,0,100,0,0,0,0,0,0,0,0,0,0,0,0,0,0,0,0,0
Spring,Conch,April,19,2024,19,3,1.09,2,50,0,0,0,0,10,2,5,5,0,0,5,0,0,3,0,0,0,0,0,0,3,0,25,0,0,0,0,0,0,108,0,0,0,0,0,0,0,0,0,0,0,0,0,0,0,0,0
Spring,Conch,April,19,2024,20,9,1.14,3,60,0,3,0,0,10,2,0,5,0,0,7,0,0,0,0,0,0,0,0,0,0,0,15,0,0,0,0,0,0,102,0,0,0,0,0,0,0,0,0,0,0,0,0,0,0,0,0
Spring,Conch,April,19,2024,21,1,1.16,3,65,0,0,0,0,7,3,0,5,0,0,5,0,0,3,0,0,0,0,0,0,0,0,25,0,0,0,0,0,0,113,0,0,0,0,0,0,0,0,0,0,0,0,0,0,0,0,0
Spring,Conch,April,19,2024,22,6,1.61,2,30,0,0,0,0,25,5,0,10,0,0,5,0,0,0,0,0,0,0,0,0,0,0,30,0,0,0,0,0,0,105,0,0,0,0,0,0,0,0,0,1,0,1,0,0,0,0,1
Spring,Conch,April,19,2024,23,1,1.85,1,10,0,2,0,0,30,0,5,5,0,0,0,0,0,5,0,0,0,0,0,1,2,0,50,0,0,0,5,0,0,115,0,5,0,0,0,0,0,0,0,2,2,0,0,0,0,0,1
Spring,Conch,April,19,2024,24,5,1.11,3,35,0,3,0,0,10,2,0,1,0,0,0,0,0,0,0,0,0,0,0,0,4,0,45,0,0,0,0,0,0,100,0,0,0,0,0,0,0,0,0,0,0,0,0,0,0,0,0
Spring,Conch,April,19,2024,25,9,1.43,3,50,0,0,0,0,5,1,0,5,1,0,5,0,0,3,0,0,0,0,0,2,0,0,45,0,0,0,0,0,0,117,0,0,0,0,0,0,0,0,0,0,0,0,0,0,0,0,0
